系列,编号,派系,卡牌名称,备用卡牌名称,图片链接,类型,独有,卡牌费用,初始威胁,意志力,攻击力,防御力,生命值,任务点,属性,警戒,远攻,限制,隐匿,厄运,遭遇,守护,协同,种族,规则文字,功能,人数,精神,战术,领导,学识,中立,1352
基础,1,领导,阿拉贡,亚拉冈,51223bd0-ffd1-11df-a976-0801200c9001,英雄,*,,12,2,3,2,5,,登丹人.贵族.游侠.,√,,,,,,,,登丹人,"警戒.
响应：在指派亚拉冈执行任务后，从他的资源池中支付1枚资源标记，以重置亚拉冈",攻击,多人,,,,,,
基础,2,领导,希奥杰德,希优顿,51223bd0-ffd1-11df-a976-0801200c9002,英雄,*,,8,1,2,1,4,,贵族.洛汗.战士.,,,,,,,,,洛汗,响应：在指派希优德执行任务后，选择一名被指派执行该任务的英雄。增加1枚资源标记到该英雄的资源池内。,,,,,,,,
基础,3,领导,格罗因,葛罗音,51223bd0-ffd1-11df-a976-0801200c9003,英雄,*,,9,2,2,1,4,,矮人.贵族.,,,,,,,,,矮人,响应：在葛罗音受到伤害后，他刚才每受到1点伤害，增加1枚资源标记到他的资源池中。,,,,,,,,
基础,4,战术,吉姆利,金雳,51223bd0-ffd1-11df-a976-0801200c9004,英雄,*,,11,2,2,2,5,,矮人.贵族.战士.,,,,,,,,,矮人,金雳每有1枚伤害标记，他获得+1【攻击力】。,攻击,,,,,,,
基础,5,战术,莱戈拉斯,勒苟拉斯,51223bd0-ffd1-11df-a976-0801200c9005,英雄,*,,9,1,3,1,4,,贵族.西尔凡精灵.战士.,,√,,,,,,,西尔凡精灵,"远攻.
响应：在勒苟拉斯参与一次攻击并消灭敌军后，放置2枚进度标记到当前任务上。",攻击,多人,,,,,,
基础,6,战术,沙林,萨林,51223bd0-ffd1-11df-a976-0801200c9006,英雄,*,,9,1,2,2,4,,矮人.战士.,,,,,,,,,矮人,当萨林被指派执行任务时，对每个刚从遭遇牌组展示的敌军造成1点伤害。,,,,,,,,
基础,7,精神,伊奥温,伊欧玟,51223bd0-ffd1-11df-a976-0801200c9007,英雄,*,,9,4,1,1,3,,贵族.洛汗.,,,,,,,,,洛汗,行动：从你的手牌中弃除一张卡牌，以使伊欧玟获得+1【意志力】直到本阶段结束。每回合每位玩家可以触发一次本效果。,任务,单人,,,,,,
基础,8,精神,埃莉诺,埃莉诺,51223bd0-ffd1-11df-a976-0801200c9008,英雄,*,,7,1,1,2,3,,刚铎.贵族.,,,,,,,,,刚铎,响应：横置埃莉诺，以取消一张刚从遭遇牌组展示的阴谋牌的“展示后”效果。然后，弃除该卡牌，并以遭遇牌组的下一张卡牌代替。,,,,,,,,
基础,9,精神,敦赫雷,督希尔,51223bd0-ffd1-11df-a976-0801200c9009,英雄,*,,8,1,2,1,4,,"洛汗.
战士.",,,,,,,,,洛汗,当督希尔单独攻击时，他能将场景区中的敌军作为目标。他这样做时，他获得+1【攻击力】。,攻击,,,,,,,
基础,10,学识,德内梭尔,迪奈瑟,51223bd0-ffd1-11df-a976-0801200c9010,英雄,*,,8,1,1,3,3,,刚铎.贵族.摄政王.,,,,,,,,,刚铎,行动：横置迪奈瑟，以查看遭遇牌组顶端的一张卡牌。你可以将该卡牌移至牌组底端。,防御,,,,,,,
基础,11,学识,格罗芬德尔,葛罗芬戴尔,51223bd0-ffd1-11df-a976-0801200c9011,英雄,*,,12,3,3,1,5,,贵族.诺多精灵.战士.,,,,,,,,,诺多精灵,行动：从葛罗芬戴尔的资源池中支付1枚资源标记，以治疗任一角色的1点伤害。（每个回合限制1次）,任务,,,,,,,
基础,12,学识,贝拉芙,贝拉沃,51223bd0-ffd1-11df-a976-0801200c9012,英雄,*,,10,2,2,2,4,,登丹人.游侠.,,,,,,,,,登丹人,行动：横置贝拉沃，以选择1位玩家。该玩家补2张卡牌。每个回合限制1次。,,,,,,,,
基础,13,领导,王城禁卫,都城守卫,51223bd0-ffd1-11df-a976-0801200c9013,盟友,,2,,1,1,0,2,,刚铎.战士.,,,,,,,,,刚铎,,,,,,,,,
基础,14,领导,法拉米尔,法拉墨,51223bd0-ffd1-11df-a976-0801200c9014,盟友,*,4,,2,1,2,3,,刚铎.贵族.游侠.,,,,,,,,,刚铎,行动：横置法拉墨，以选择一位玩家。该玩家控制的每名角色获得+1【意志力】直到本阶段结束。,任务,,,,,,,
基础,15,领导,阿尔诺之子,亚尔诺之子,51223bd0-ffd1-11df-a976-0801200c9015,盟友,,3,,0,2,0,2,,登丹人.,,,,,,,,,登丹人,响应：在亚尔诺之子进场后，选择一张在场景区中或当前与另一玩家交锋的敌军牌。与该敌军交锋。,攻击,,,,,,,
基础,16,领导,雪河斥候,雪界河斥候,51223bd0-ffd1-11df-a976-0801200c9016,盟友,,1,,0,0,1,1,,"洛汗.
斥候.",,,,,,,,,洛汗,响应：在雪界河斥候进场后，选择一个地区。放置1枚进度标记到该地区上。,,,,,,,,
基础,17,领导,银脉河弓手,银光河弓箭手,51223bd0-ffd1-11df-a976-0801200c9017,盟友,,3,,1,2,0,1,,弓箭手.西尔凡精灵.,,√,,,,,,,西尔凡精灵,远攻.,攻击,多人,,,,,,
基础,18,领导,长须奥克屠戮者,长须屠兽者,51223bd0-ffd1-11df-a976-0801200c9018,盟友,,4,,0,2,1,3,,矮人.战士.,,,,,,,,,矮人,响应：在长须屠兽者进场后，对在场的每个半兽人敌军造成1点伤害。,攻击,,,,,,,
基础,19,领导,布洛克·铁拳,铁拳布洛克,51223bd0-ffd1-11df-a976-0801200c9019,盟友,*,6,,2,2,1,4,,矮人.战士.,,,,,,,,,矮人,响应：在你控制的一名矮人英雄离场后，将铁拳布洛克从你的手牌中放置进场,攻击,,,,,,,
基础,20,领导,保持警惕,保持警惕,51223bd0-ffd1-11df-a976-0801200c9020,事件,,1,,,,,,,,,,,,,,,,,行动：选择并重置一张盟友牌。,,,,,,,,
基础,21,领导,同心协力,同心协力,51223bd0-ffd1-11df-a976-0801200c9021,事件,,0,,,,,,,,,,,,,,,,,行动：横置一名你控制的英雄，以选择并重置一名不同的英雄。,,多人,,,,,,
基础,22,领导,刚铎万岁！,刚铎万岁！,51223bd0-ffd1-11df-a976-0801200c9022,事件,,2,,,,,,,,,,,,,,,,,行动：所有角色获得+1【攻击力】直到本阶段结束。所有刚铎角色额外获得+1【防御力】直到本阶段结束。,,多人,,,,,,
基础,23,领导,偷袭,偷袭,51223bd0-ffd1-11df-a976-0801200c9023,事件,,1,,,,,,,,,,,,,,,,,行动：将一张盟友牌从你的手牌中放置进场。在本阶段结束时，如果该盟友依然在场，将其返回你的手牌。,,,,,,,,
基础,24,领导,英勇牺牲,英勇牺牲,51223bd0-ffd1-11df-a976-0801200c9024,事件,,1,,,,,,,,,,,,,,,,,响应：在一张盟友牌离场后，该卡牌的控制者补两张卡牌。,,,,,,,,
基础,25,领导,坚定的决心,坚定的决心,51223bd0-ffd1-11df-a976-0801200c9025,事件,,5,,,,,,,,,,,,,,,,,行动：重置在场的所有角色牌,,多人,,,,,,
基础,26,领导,刚铎宰相,刚铎摄政王,51223bd0-ffd1-11df-a976-0801200c9026,附属,*,2,,,,,,,刚铎.头衔.,,,,,,,,,刚铎,"附属到一名英雄上。 
所附属英雄获得刚铎属性。 
行动：横置刚铎摄政王，以增加2枚资源标记到所附属英雄的资源池中。",,,,,,,,
基础,27,领导,凯勒布莉安的宝石,凯勒布里安的宝石,51223bd0-ffd1-11df-a976-0801200c9027,附属,*,2,,,,,,,宝物.物品.,,,√,,,,,,,"限制.
附属到一名英雄上。 
所附属英雄获得+2【意志力】。 
如果所附属英雄是亚拉冈，他额外获得【精神】资源符号。",任务,,,,,,,
基础,28,战术,老练的斧手,老练的斧手,51223bd0-ffd1-11df-a976-0801200c9028,盟友,,2,,0,2,1,2,,矮人.战士.,,,,,,,,,矮人,,攻击,,,,,,,
基础,29,战术,刚铎长矛手,刚铎长枪兵,51223bd0-ffd1-11df-a976-0801200c9029,盟友,,2,,0,1,1,1,,刚铎.战士.,√,,,,,,,,刚铎,"警戒。 
响应：在刚铎长枪兵被宣告为防御者后，对攻击的敌军造成1点伤害。",防御,多人,,,,,,
基础,30,战术,弓骑兵,弓骑兵,51223bd0-ffd1-11df-a976-0801200c9030,盟友,,3,a,0,2,1,2,,洛汗.弓箭手.,,√,,,,,,,洛汗,远攻。,,多人,,,,,,
基础,31,战术,贝奥恩,比翁,51223bd0-ffd1-11df-a976-0801200c9031,盟友,*,6,,1,3,3,6,,比翁一族. 战士.,,,,,,,,,比翁一族,行动：比翁获得+5【攻击力】直到本阶段结束。在你触发本效果的阶段结束时，将比翁洗回你的牌组。（每个回合限制1次）,攻击,,,,,,,
基础,32,战术,精于剑术,精于剑术,51223bd0-ffd1-11df-a976-0801200c9032,事件,,1,,,,,,,,,,,,,,,,,行动：选择一名角色。该角色获得+1【攻击力】和+1【防御力】直到本阶段结束。,攻击,,,,,,,
基础,33,战术,箭雨,箭雨,51223bd0-ffd1-11df-a976-0801200c9033,事件,,1,,,,,,,,,,,,,,,,,行动：横置一名你控制的具有“远攻”关键词的角色，以选择一名玩家。对于该玩家交锋的每个敌军造成1点伤害。,攻击,,,,,,,
基础,34,战术,佯攻,佯攻,51223bd0-ffd1-11df-a976-0801200c9034,事件,,1,,,,,,,,,,,,,,,,,战斗行动：选择一个与玩家交锋的敌军。该敌军本阶段不能攻击该玩家。,防御,,,,,,,
基础,35,战术,先发制人,先发制人,51223bd0-ffd1-11df-a976-0801200c9035,事件,,1,,,,,,,,,,,,,,,,,行动：横置一名你控制的角色，以立即宣告其为攻击者（并结算此次攻击）攻击任一合理的敌军目标。,攻击,,,,,,,
基础,36,战术,密集的长矛,长枪方阵,51223bd0-ffd1-11df-a976-0801200c9036,事件,,3,,,,,,,,,,,,,,,,,"你必须使用来自三名不同英雄的资源池中的资源标记，以支付本卡牌。 
行动：选择一位玩家。与该玩家交锋的敌军本阶段不能攻击该玩家。",防御,多人,,,,,,
基础,37,战术,迅猛一击,迅猛一击,51223bd0-ffd1-11df-a976-0801200c9037,事件,,2,,,,,,,,,,,,,,,,,响应：在一名角色被宣告为防御者后，对攻击的敌军造成2点伤害。,防御,,,,,,,
基础,38,战术,并肩作战,并肩作战,51223bd0-ffd1-11df-a976-0801200c9038,事件,,0,,,,,,,,,,,,,,,,,行动：选择一位玩家。该玩家本阶段可以像每个攻击他的敌军宣告他任意数量的合理角色为防御者。,防御,,,,,,,
基础,39,战术,刚多林剑,贡多林之剑,51223bd0-ffd1-11df-a976-0801200c9039,附属,,1,,,,,,,"物品.
武器.",,,√,,,,,,,"限制.
附属到一名英雄上。 
当攻击半兽人时，所附属英雄获得+1【攻击力】。 
响应：在所附属英雄攻击并消灭敌军后，放置1枚进度标记到当前任务上。",攻击,,,,,,,
基础,40,战术,王城板甲,都城铠甲,51223bd0-ffd1-11df-a976-0801200c9040,附属,,4,,,,,,,物品.防具.,,,√,,,,,,,"限制. 
附属到一名英雄上。 
所附属英雄获得+4生命值。",防御,,,,,,,
基础,41,战术,矮人斧,矮人战斧,51223bd0-ffd1-11df-a976-0801200c9041,附属,,2,,,,,,,"物品.
武器.",,,√,,,,,,,"限制. 
附属到一名英雄上 。 
所附属英雄获得+1【攻击力】。（如果所附属英雄是矮人，则以+2【攻击力】代替。）",攻击,,,,,,,
基础,42,战术,刚铎号角,刚铎的号角,51223bd0-ffd1-11df-a976-0801200c9042,附属,*,1,,,,,,,物品.宝物.,,,√,,,,,,,"限制. 
附属到一名英雄上。 
响应：在一名角色被消灭后，增加1枚资源标记到所附属英雄的资源池中。",,,,,,,,
基础,43,精神,漫游的图克,流浪的图克,51223bd0-ffd1-11df-a976-0801200c9043,盟友,,2,,1,1,1,2,,哈比人.,,,,,,,,,哈比人,行动：下降3点你的威胁等级，以使流浪的图克交由另一位玩家控制。该玩家的威胁等级上升3点（每个回合限制1次）。,,多人,,,,,,
基础,44,精神,罗瑞恩向导,罗瑞安引路人,51223bd0-ffd1-11df-a976-0801200c9044,盟友,,3,,1,1,0,2,,西尔凡精灵.斥候.,,,,,,,,,西尔凡精灵,响应：在指派罗瑞安引路人执行任务后，放置1枚进度标记到激活的地区上。,任务,,,,,,,
基础,45,精神,北方的追踪者,北方的追踪者,51223bd0-ffd1-11df-a976-0801200c9045,盟友,,4,,1,2,2,3,,登丹人. 游侠.,,,,,,,,,登丹人,响应：在指派北方的追踪者执行任务后，在场景区的每个地区上放置1枚进度标记。,任务,,,,,,,
基础,46,精神,加拉兹民的问候,凯兰崔姆的祝福,51223bd0-ffd1-11df-a976-0801200c9046,事件,,3,,,,,,,,,,,,,,,,,行动：一位玩家的威胁等级下降6点，或每位玩家的威胁等级下降2点。,,,,,,,,
基础,47,精神,意志之力,坚强的意志,51223bd0-ffd1-11df-a976-0801200c9047,事件,,0,,,,,,,,,,,,,,,,,响应：在你探索到一个地区后，横置一名【精神】角色，以放置2枚进度标记到该地区上。,任务,,,,,,,
基础,48,精神,仓促的攻击,轻率出击,51223bd0-ffd1-11df-a976-0801200c9048,事件,,1,,,,,,,,,,,,,,,,,响应：取消一个在战斗中刚触发的暗影效果。,防御,,,,,,,
基础,49,精神,西方的意志,西方的意志,51223bd0-ffd1-11df-a976-0801200c9049,事件,,1,,,,,,,,,,,,,,,,,行动：选择一位玩家。将该玩家的弃牌堆洗回他的牌组。将西方的意志移出游戏。,,,,,,,,
基础,50,精神,意志的考验,意志的考验,51223bd0-ffd1-11df-a976-0801200c9050,事件,,1,,,,,,,,,,,,,,,,,响应：取消一个刚从遭遇牌组展示的卡牌的“展示后”效果。,防御,,,,,,,
基础,51,精神,奋起战斗,奋起战斗,51223bd0-ffd1-11df-a976-0801200c9051,事件,,X,,,,,,,,,,,,,,,,,行动：在任一玩家的弃牌堆中选择一名印刷费用为X的盟友。将该盟友放置进场并由你控制。（所选盟友可隶属任意影响力派系。）,,,,,,,,
基础,52,精神,黑暗中的光芒,黑暗中的光明,51223bd0-ffd1-11df-a976-0801200c9052,事件,,2,,,,,,,,,,,,,,,,,行动：选择一个与玩家交锋的敌军。将该敌军返回场景区。,防御,,,,,,,
基础,53,精神,矮人坟墓,矮人墓穴,51223bd0-ffd1-11df-a976-0801200c9053,事件,,1,,,,,,,,,,,,,,,,,行动：从你的弃牌堆返还一张【精神】卡牌到你的手牌。,,,,,,,,
基础,54,精神,运气或命运,运气或命运,51223bd0-ffd1-11df-a976-0801200c9054,事件,,5,,,,,,,,,,,,,,,,,行动：在任一玩家的弃牌堆中选择一名英雄。将该卡牌放置进场，由其拥有者控制。,,,,,,,,
基础,55,精神,夫人的眷顾,女皇的信任,51223bd0-ffd1-11df-a976-0801200c9055,附属,,2,,,,,,,,,,,,,,,,,"附属到一张英雄牌上。 
所附属英雄获得+1【意志力】。",任务,,,,,,,
基础,56,精神,大地的力量,大地的力量,51223bd0-ffd1-11df-a976-0801200c9056,附属,,1,,,,,,,,,,,,,,,,,"附属到一个地区上。 
所附属地区获得-1【威胁值】。",,,,,,,,
基础,57,精神,突来勇气,突来勇气,51223bd0-ffd1-11df-a976-0801200c9057,附属,,2,,,,,,,,,,,,,,,,,"附属到一名英雄上。 
行动：横置突来勇气，以重置所附属英雄。",,单人,,,,,,
基础,58,学识,宁洛德尔之女,宁若戴尔河之女,51223bd0-ffd1-11df-a976-0801200c9058,盟友,,3,,1,0,0,1,,西尔凡精灵.,,,,,,,,,西尔凡精灵,行动：横置宁若戴尔河之女，以治疗任一英雄的最多2点伤害。,,,,,,,,
基础,59,学识,埃瑞博铁匠,依鲁伯铁匠,51223bd0-ffd1-11df-a976-0801200c9059,盟友,,2,,1,1,1,3,,矮人.工匠.,,,,,,,,,矮人,响应：在你打出依鲁伯铁匠后，从任一玩家的弃牌堆中返回一张最顶部的附属牌到他的手牌。,,,,,,,,
基础,60,学识,赫纳玛斯·河曲,赫纳玛斯·河曲,51223bd0-ffd1-11df-a976-0801200c9060,盟友,*,1,,1,1,0,1,,西尔凡精灵.,,,,,,,,,西尔凡精灵,行动：横置赫纳玛斯·河曲，以查看遭遇牌组顶端的一张卡牌。,,单人,,,,,,
基础,61,学识,铁丘陵矿工,铁丘陵的矿工,51223bd0-ffd1-11df-a976-0801200c9061,盟友,,2,,0,1,2,2,,矮人.,,,,,,,,,矮人,响应：在铁丘陵的矿工进场后，从场中选择并弃除一张状态附属牌,,,,,,,,
基础,62,学识,格利奥威奈,葛理欧温,51223bd0-ffd1-11df-a976-0801200c9062,盟友,*,2,,1,0,0,2,,吟游诗人.洛汗.,,,,,,,,,洛汗,行动：横置葛理欧温，以选择一名玩家。该玩家补一张卡牌。,,,,,,,,
基础,63,学识,伊姆拉缀斯的学识,伊姆拉崔的学识,51223bd0-ffd1-11df-a976-0801200c9063,事件,,2,,,,,,,,,,,,,,,,,行动：选择一名角色。治疗该角色的所有伤害。,,,,,,,,
基础,64,学识,罗瑞恩的财富,罗瑞安的财富,51223bd0-ffd1-11df-a976-0801200c9064,事件,,3,,,,,,,,,,,,,,,,,行动：选择一名玩家。该玩家补三张卡牌。,,,,,,,,
基础,65,学识,拉达加斯特的机敏,瑞达加斯特的狡诈,51223bd0-ffd1-11df-a976-0801200c9065,事件,,1,,,,,,,,,,,,,,,,,任务行动：选择一个在场景区的敌军。该敌军不计算它的【威胁值】直到本阶段结束。,,,,,,,,
基础,66,学识,秘径,幽径,51223bd0-ffd1-11df-a976-0801200c9066,事件,,1,,,,,,,,,,,,,,,,,任务行动：选择一个在场景区的地区。该地区不计算它的【威胁值】直到本阶段结束。,,,,,,,,
基础,67,学识,甘道夫的查阅,甘道夫的搜寻,51223bd0-ffd1-11df-a976-0801200c9067,事件,,X,,,,,,,,,,,,,,,,,行动：查看任一玩家牌组顶端的X张卡牌，将其中一张加入其拥有者的手牌，并将余下的卡牌按任意顺序放回牌组顶端。,,,,,,,,
基础,68,学识,贝奥恩的款待,比翁的款待,51223bd0-ffd1-11df-a976-0801200c9068,事件,,5,,,,,,,,,,,,,,,,,行动：选择一位玩家。治疗该玩家控制的每名英雄的所有伤害。,,,,,,,,
基础,69,学识,森林罗网,森林诱捕网,51223bd0-ffd1-11df-a976-0801200c9069,附属,,3,,,,,,,物品.陷阱.,,,,,,,,,,"附属到一个与玩家交锋的敌军上。 
所附属敌军不能攻击。",防御,,,,,,,
基础,70,学识,罗瑞恩的保护者,罗瑞安守护者,51223bd0-ffd1-11df-a976-0801200c9070,附属,,1,,,,,,,头衔.,,,,,,,,,,"附属到一名英雄上。 
行动：从你的手牌中弃除一张卡牌，以使所附属英雄获得+1【防御力】或+1【意志力】直到本阶段结束。每个阶段限制3次。",,,,,,,,
基础,71,学识,黑暗知识,暗黑学识,51223bd0-ffd1-11df-a976-0801200c9071,附属,,1,,,,,,,状态.,,,,,,,,,,"附属到一名英雄上。 
所附属英雄获得-1【意志力】。 
响应：横置暗黑学识，以查看一张刚分配到攻击你的敌军上的暗影牌。",防御,,,,,,,
基础,72,学识,自我保护,自我保护,51223bd0-ffd1-11df-a976-0801200c9072,附属,,3,,,,,,,技能.,,,,,,,,,,"附属到一名角色上。 
行动：横置自我保护，以治疗所附属角色的2点伤害。",,,,,,,,
基础,73,中立,甘道夫,甘道夫,51223bd0-ffd1-11df-a976-0801200c9073,盟友,*,5,,4,4,4,4,,巫师.,,,,,,,,,巫师,"在本回合结束时，从场中弃除甘道夫。 
响应：在甘道夫进场后，（选择其一）：补三张卡牌，或对一个在场的敌军造成4点伤害，或你的威胁等级下降5点。",,,,,,,,
追捕咕噜,1,学识,比尔博·巴金斯,比尔博·巴金斯,51223bd0-ffd1-11df-a976-0801201c9001.jpg,英雄,*,,9,1,1,2,2,,哈比人.,,,,,,,,,哈比人,起始玩家在资源阶段多补1张卡牌。,,,,,,,,
追捕咕噜,2,领导,杜内丹人的标记,登丹人的标记,51223bd0-ffd1-11df-a976-0801201c9002.jpg,附属,,1,,,,,,,记号.,,,,,,,,,,"附属到一名英雄上。 
所附属英雄获得+1【攻击力】。 
行动：从所附属英雄的资源池中支付1枚资源标记，以使登丹人的标记附属到另一名英雄上。",攻击,,,,,,,
追捕咕噜,3,领导,篝火故事,篝火旁的传说,51223bd0-ffd1-11df-a976-0801201c9003.jpg,事件,,1,,,,,,,,,,,,,,,,,行动：每位玩家补一张卡牌。,,多人,,,,,,
追捕咕噜,4,战术,守护之翼,守护之翼,51223bd0-ffd1-11df-a976-0801201c9010.jpg,盟友,,2,,0,0,4,1,,"生物.
巨鹰.",√,,,,,,,,巨鹰,"警戒.
守护之翼不受“限制”附属。 
强制：在守护之翼参与防御的攻击结算后，支付1枚战术资源标记或从场中弃除守护之翼。",防御,多人,,,,,,
追捕咕噜,5,战术,大鹰来了,巨鹰来了,51223bd0-ffd1-11df-a976-0801201c9008.jpg,事件,,0,,,,,,,巨鹰.,,,,,,,,,巨鹰,行动：从你牌组顶端的五张卡牌中搜寻任意数量的巨鹰卡牌并加入你的手牌。将余下的卡牌洗回你的牌组。,,,,,,,,
追捕咕噜,6,精神,西伏尔德驯马师,西谷驯马师,51223bd0-ffd1-11df-a976-0801201c9009.jpg,盟友,,2,,1,0,1,1,,洛汗.,,,,,,,,,洛汗,行动：弃除西谷驯马师，以选择并重置一名英雄。,,,,,,,,
追捕咕噜,7,精神,洛汗集结,洛汗集结,51223bd0-ffd1-11df-a976-0801201c9004.jpg,事件,,1,,,,,,,,,,,,,,,,,行动：从你牌组顶端的十张卡牌中搜寻任意一张洛汗盟友牌并加入你的手牌，然后，将余下的卡牌洗回你的牌组。,,,,,,,,
追捕咕噜,8,学识,幽谷吟游诗人,瑞文戴尔乐手,51223bd0-ffd1-11df-a976-0801201c9005.jpg,盟友,,3,,2,0,0,1,,诺多精灵.,,,,,,,,,诺多精灵,响应：在从你的手牌中打出瑞文戴尔乐手后，从你的牌组中搜寻一张歌谣卡牌并加入你的手牌。将你的牌组洗牌。,,,,,,,,
追捕咕噜,9,学识,大步佬之路,神行客之路,51223bd0-ffd1-11df-a976-0801201c9007.jpg,事件,,1,,,,,,,,,,,,,,,,,响应：在一个地区从遭遇牌组中被展示后，立即探索到该地区，无需结算探索效果。如果当前有激活地区，将其返回场景区。,,,,,,,,
追捕咕噜,10,中立,国王之歌,国王之歌,51223bd0-ffd1-11df-a976-0801201c9006.jpg,附属,,1,a,,,,,,歌谣.,,,,,,,,,,"附属到一名英雄上。 
所附属英雄获得【领导】资源符号。",,,,,,,,
激战卡洛克,25,精神,弗罗多·巴金斯,佛罗多·巴金斯,51223bd0-ffd1-11df-a976-0801202c9001.jpg,英雄,*,,7,2,1,2,2,,哈比人.,,,,,,,,,哈比人,响应：在佛罗多·巴金斯受到伤害后，取消该伤害并以你的威胁等级上升与他本该被分配伤害标记数量相等的点数代替。（每个阶段限制1次）,防御,,,,,,,
激战卡洛克,26,领导,杜内丹人的警告,登丹人的警示,51223bd0-ffd1-11df-a976-0801202c9008.jpg,附属,,1,,,,,,,记号.,,,,,,,,,,"附属到一名英雄上。 
所附属英雄获得+1【防御力】。 
行动：从所附属英雄的资源池中支付1枚资源标记，以使登丹人的警示附属到另一名英雄上。",防御,,,,,,,
激战卡洛克,27,领导,第二顿早餐,第二顿早餐,51223bd0-ffd1-11df-a976-0801202c9024.jpg,事件,,1,,,,,,,,,,,,,,,,,行动：每位玩家从他的弃牌堆中返回一张最顶部的附属牌到他的手牌。,,,,,,,,
激战卡洛克,28,战术,贝奥恩养蜂人,比翁养蜂人,51223bd0-ffd1-11df-a976-0801202c9006.jpg,盟友,,4,,1,2,1,3,,比翁一族.,,,,,,,,,比翁一族,行动：从场中弃除比翁养蜂人，以对场景区中的每个敌军造成1点伤害,攻击,多人,,,,,,
激战卡洛克,29,战术,空中重生,空中重生,51223bd0-ffd1-11df-a976-0801202c9007.jpg,附属,,0,,,,,,,状态.,,,,,,,,,,"附属到一名盟友上。 
行动：从场中弃除空中重生，以使所附属盟友返回其拥有者的手牌。",,,,,,,,
激战卡洛克,30,精神,伊奥蒙德,伊欧蒙德,51223bd0-ffd1-11df-a976-0801202c9009.jpg,盟友,*,3,,2,1,1,2,,洛汗.,,,,,,,,,洛汗,响应：在伊欧蒙德离场后，重置在场的所有洛汗角色。,,多人,,,,,,
激战卡洛克,31,精神,我并不是陌生人,我并非陌生人,51223bd0-ffd1-11df-a976-0801202c9018.jpg,附属,,1,,,,,,,头衔.,,,,,,,,,,"附属到一名角色上。 
所附属角色获得洛汗属性。",,,,,,,,
激战卡洛克,32,学识,长须制图者,长须制图者,51223bd0-ffd1-11df-a976-0801202c9014.jpg,盟友,,3,,1,1,1,3,,矮人.,,,,,,,,,矮人,行动：支付1枚【学识】资源标记，以使长须制图者获得+1【意志力】直到本阶段结束。,,,,,,,,
激战卡洛克,33,学识,燃烧的火把,燃烧的木棍,51223bd0-ffd1-11df-a976-0801202c9010.jpg,附属,,2,,,,,,,物品.,,,√,,,,,,,"附属到一名【学识】角色上。限制.
当所附属角色防御时，横置燃烧的木棍以取消一个在战斗中刚触发的暗影效果。",防御,,,,,,,
激战卡洛克,34,中立,智慧之歌,智慧之歌,51223bd0-ffd1-11df-a976-0801202c9025.jpg,附属,,1,,,,,,,歌谣.,,,,,,,,,,"附属到一名英雄上 
所附属英雄获得【学识】资源符号。",,,,,,,,
罗斯加堡之旅,50,领导,伊姆拉希尔亲王,印拉希尔王子,51223bd0-ffd1-11df-a976-0801203c9001.jpg,英雄,*,,11,2,3,2,4,,刚铎.贵族.,,,,,,,,,刚铎,响应：在一名角色离场后，重置印拉希尔王子。（每回合限制1次）,攻击,多人,,,,,,
罗斯加堡之旅,51,领导,杜内丹人的探险,登丹人的任务,51223bd0-ffd1-11df-a976-0801203c9008.jpg,附属,,2,,,,,,,记号.,,,,,,,,,,"附属到一名英雄上。
所附属英雄获得+1【意志力】。
行动：从所附属英雄的资源池中支付1枚资源标记，以使登丹人的任务附属到另一名英雄上。",任务,,,,,,,
罗斯加堡之旅,52,领导,临别的礼物,临别的礼物,51223bd0-ffd1-11df-a976-0801203c9007.jpg,事件,,0,,,,,,,,,,,,,,,,,行动：将任意数量的资源标记从一名领导英雄的资源池中移至另一名英雄的资源池中。 ,,,,,,,,
罗斯加堡之旅,53,战术,蓝德洛瓦,兰楚瓦,51223bd0-ffd1-11df-a976-0801203c9004.jpg,盟友,*,5,,1,3,1,4,,"生物.
巨鹰.",√,,,,,,,,巨鹰,"警戒.
兰楚瓦不受“限制”附属。
响应：在一名英雄被消灭后，将兰楚瓦返回其拥有者的手牌，以使该英雄放回场中，并具有1枚伤害标记。（每局游戏限制1次）",攻击,多人,,,,,,
罗斯加堡之旅,54,战术,飞往鹰巢,飞往鹰巢,51223bd0-ffd1-11df-a976-0801203c9010.jpg,事件,,2,,,,,,,,,,,,,,,,,响应：在一名盟友被消灭后，横置一名巨鹰角色，以使该盟友从弃牌堆移至其拥有者的手牌。,,,,,,,,
罗斯加堡之旅,55,精神,埃多拉斯护卫队,伊多拉斯护卫队,51223bd0-ffd1-11df-a976-0801203c9009.jpg,盟友,,2,,2,0,0,1,,洛汗.,,,,,,,,,洛汗,"在指派伊多拉斯护卫队执行任务时，其获得+2【意志力】。
强制：在伊多拉斯护卫队被指派执行的任务结算后，从场中弃除伊多拉斯护卫队。",任务,,,,,,,
罗斯加堡之旅,56,精神,古老的马松,古老的马松,51223bd0-ffd1-11df-a976-0801203c9005.jpg,附属,,1,,,,,,,马松.,,,,,,,,,,"附属到一个地区上。
响应：在所附属地区被完全探索后，起始玩家补三张卡牌。",,,,,,,,
罗斯加堡之旅,57,学识,罗瑞恩的哈尔迪尔,罗瑞安的哈尔达,51223bd0-ffd1-11df-a976-0801203c9002.jpg,盟友,*,4,,2,2,2,3,,西尔凡精灵.,√,√,,,,,,,西尔凡精灵,远攻.警戒.,防御,多人,,,,,,
罗斯加堡之旅,58,学识,内讧,内讧,51223bd0-ffd1-11df-a976-0801203c9006.jpg,事件,,1,,,,,,,,,,,,,,,,,行动：将任意数量的伤害标记从一个敌军上移至另一个敌军上。,攻击,,,,,,,
罗斯加堡之旅,59,中立,拉达加斯特,瑞达加斯特,51223bd0-ffd1-11df-a976-0801203c9003.jpg,盟友,*,5,,2,1,1,3,,巫师.,,,,,,,,,巫师,"每个资源阶段瑞达加斯特收集1枚资源标记。
这些资源标记能被用以支付从你的手牌中打出生物卡牌。
行动：从瑞达加斯特的资源池中支付X枚资源标记，以治疗任一生物的X点伤害。",,,,,,,,
艾明穆尔山丘,72,战术,巴因之子布兰德,巴恩之子布兰德,51223bd0-ffd1-11df-a976-0801204c9003.jpg,英雄,*,,10,2,3,2,3,,谷地.,,√,,,,,,,谷地,"远攻.
响应：在巴恩之子布兰德攻击并消灭一个与另一位玩家交锋的敌军后，选择并重置1名该玩家的角色。",攻击,多人,,,,,,
艾明穆尔山丘,73,领导,目光锐利的图克,目光锐利的图克,51223bd0-ffd1-11df-a976-0801204c9008.jpg,盟友,,2,,1,0,0,2,,哈比人.,,,,,,,,,哈比人,"响应：在目光锐利的图克进场后，展示每位玩家牌组顶端的一张卡牌。
行动：将目光锐利的图克返回你的手牌，以弃除每位玩家牌组顶端的一张卡牌。 ",,多人,,,,,,
艾明穆尔山丘,74,领导,殿后,殿后,51223bd0-ffd1-11df-a976-0801204c9012.jpg,事件,,1,,,,,,,,,,,,,,,,,任务行动：从场中弃除一名【领导】盟友，以使被指派执行本次任务的每名英雄获得+1【意志力】直到本阶段结束。,任务,多人,,,,,,
艾明穆尔山丘,75,战术,梭隆多的后代,鹰王索隆多的子嗣,51223bd0-ffd1-11df-a976-0801204c9004.jpg,盟友,,4,,1,2,1,2,,"生物.
巨鹰.",,,,,,,,,巨鹰,"鹰王索隆多的子嗣不受“限制”附属。
响应：在鹰王索隆多的子嗣进场或离场后，对场景区的任一敌军造成2点伤害。",攻击,,,,,,,
艾明穆尔山丘,76,战术,美尼尔多的飞翔,曼奈多的飞翔,51223bd0-ffd1-11df-a976-0801204c9009.jpg,事件,,0,,,,,,,,,,,,,,,,,行动：选择一名巨鹰盟友。将该角色返回其拥有者的手牌。,,,,,,,,
艾明穆尔山丘,77,精神,里德马克之冠,骠骑国的骏马,51223bd0-ffd1-11df-a976-0801204c9023.jpg,盟友,,2,,1,1,0,2,,生物.洛汗.,,,,,,,,,洛汗,行动：横置并弃除骠骑国的骏马，以放置2枚进度标记到任意地区上。,任务,,,,,,,
艾明穆尔山丘,78,精神,骑向毁灭,骑向毁灭,51223bd0-ffd1-11df-a976-0801204c9013.jpg,事件,,1,,,,,,,,,,,,,,,,,行动：从场中弃除一名洛汗盟友，以选择一个地区。放置3枚进度标记到该地区上。,任务,,,,,,,
艾明穆尔山丘,79,学识,吉尔多·英格罗瑞安,吉尔多·印格罗瑞安,51223bd0-ffd1-11df-a976-0801204c9005.jpg,盟友,*,5,,3,2,3,3,,诺多精灵.,,,,,,,,,诺多精灵,行动：横置吉尔多·印格罗瑞安，以查看你牌组顶端的三张卡牌。将其中一张与你手牌中的一张卡牌互换。然后，将该三张卡牌按任意顺序放回你的牌组顶端。,防御,,,,,,,
艾明穆尔山丘,80,学识,吉尔多的忠告,吉尔多的忠告,51223bd0-ffd1-11df-a976-0801204c9006.jpg,事件,,3,,,,,,,,,,,,,,,,,"在任务阶段中，角色被指派执行任务前打出。
行动：本阶段从遭遇牌组中少展示一张卡牌。（最少为一张）",,多人,,,,,,
艾明穆尔山丘,81,中立,旅行之歌,旅行之歌,51223bd0-ffd1-11df-a976-0801204c9016.jpg,附属,,1,,,,,,,歌谣.,,,,,,,,,,"附属到一名英雄上。
所附属英雄获得【精神】资源符号。",,,,,,,,
死亡沼泽,95,战术,波洛米尔,波罗莫,51223bd0-ffd1-11df-a976-0801205c9002.jpg,英雄,*,,11,1,3,2,5,,刚铎.贵族.战士.,,,,,,,,,刚铎,"行动：上升1点你的威胁等级，以重置波罗（每个阶段限制一次）。
行动：弃除波罗莫，以对与1位玩家交锋的每个敌军造成2点伤害。",攻击,,,,,,,
死亡沼泽,96,领导,杜内丹守望者,登丹人的守望者,51223bd0-ffd1-11df-a976-0801205c9004.jpg,盟友,,3,,1,1,1,2,,登丹人.,,,,,,,,,登丹人,响应：从场中弃除登丹人的守望者，以取消一张刚被触发的卡牌暗影效果。,,,,,,,,
死亡沼泽,97,领导,杜内丹人的行囊,登丹人的行囊,51223bd0-ffd1-11df-a976-0801205c9003.jpg,附属,,2,,,,,,,物品.,,,,,,,,,,"附属到一名英雄上。
所附属英雄获得“远攻”。
行动：从所附属英雄的资源池中支付1枚资源标记，以使登丹人的行囊附属到另一名英雄上。",,多人,,,,,,
死亡沼泽,98,战术,风王的臣属,风王的臣民,51223bd0-ffd1-11df-a976-0801205c9022.jpg,盟友,,1,,0,3,0,1,,"生物.
巨鹰.",,√,,,,,,,巨鹰,"远攻.
风王的臣民不受“限制”附属。
强制：在风王的臣民参与攻击的攻击结算后，从场中弃除风王的臣民。",攻击,多人,,,,,,
死亡沼泽,99,战术,嘲讽之歌,嘲讽之歌,51223bd0-ffd1-11df-a976-0801205c9016.jpg,附属,,1,,,,,,,歌谣.,,,,,,,,,,"附属到一名英雄上。
行动：横置嘲讽之歌，以选择另一名英雄。由所附属英雄承受所选英雄将受到的所有伤害直到本阶段结束。",,,,,,,,
死亡沼泽,100,精神,埃尔夫海尔姆,艾海姆,51223bd0-ffd1-11df-a976-0801205c9005.jpg,盟友,*,4,,1,2,2,3,,"洛汗.
战士.",,,,,,,,,洛汗,当艾海姆未横置时，他获得：“响应：在你的威胁等级因执行任务失败，或因遭遇牌或任务牌效果而上升后，你的威胁等级下降1点。”,,,,,,,,
死亡沼泽,101,精神,我们并不是在沉睡,我们枕戈待旦,51223bd0-ffd1-11df-a976-0801205c9023.jpg,事件,,5,,,,,,,,,,,,,,,,,行动：指派洛汗角色执行任务时无须横置，直到本阶段结束。,任务,,,,,,,
死亡沼泽,102,学识,西尔凡追踪者,西尔凡追踪者,51223bd0-ffd1-11df-a976-0801205c9014.jpg,盟友,,3,,1,1,1,3,,西尔凡精灵.,,,,,,,,,西尔凡精灵,响应：在恢复阶段中一名西尔凡精灵角色重置后，治疗该角色的1点伤害。,,,,,,,,
死亡沼泽,103,学识,绑紧的绳结,绑紧的绳结,51223bd0-ffd1-11df-a976-0801205c9006.jpg,附属,,1,,,,,,,技能.,,,,,,,,,,"附属到一名哈比人角色上。
行动：横置绑紧的绳结，以重置所附属角色。",,,,,,,,
死亡沼泽,104,中立,战争之歌,战争之歌,51223bd0-ffd1-11df-a976-0801205c9015.jpg,附属,,1,,,,,,,歌谣.,,,,,,,,,,"附属到一名英雄上。
所附属英雄获得【战术】资源符号。",,,,,,,,
重返幽暗密林,116,领导,戴因·铁足,丹恩·铁足,51223bd0-ffd1-11df-a976-0801206c9005.jpg,英雄,*,,11,1,2,3,5,,矮人.,,,,,,,,,矮人,当丹恩·铁足未横置时，矮人角色获得+1【攻击力】和+1【意志力】。,防御,,,,,,,
重返幽暗密林,117,领导,杜内丹人的记号,登丹人的记号,51223bd0-ffd1-11df-a976-0801206c9008.jpg,附属,,1,,,,,,,记号.,,,,,,,,,,"附属到一名英雄上。
所附属英雄获得“警戒”。
行动：从所附属英雄的资源池中支付1枚资源标记，以使登丹人的行囊附属到另一名英雄上。",,多人,,,,,,
重返幽暗密林,118,领导,曙光会照到你们所有人,曙光会吞没所有人,51223bd0-ffd1-11df-a976-0801206c9006.jpg,事件,,2,,,,,,,,,,,,,,,,,"在暗影牌被分配后，任何攻击结算前打出。
战斗行动：每位玩家可以从与其交锋的敌军上选择并弃除一张面朝下的暗影牌。",,,,,,,,
重返幽暗密林,119,战术,迷雾山脉鹰群,迷雾山脉的鹰群,51223bd0-ffd1-11df-a976-0801206c9009.jpg,盟友,,4,,2,2,2,4,,"生物.
巨鹰.",,,,,,,,,巨鹰,"迷雾山脉的鹰群不受“限制”附属。迷雾山脉的鹰群每有一张面朝下的附属，其获得+1【攻击力】和+1【防御力】。
响应：在另一只巨鹰角色离场后，你可以将该卡牌面朝下附属到迷雾山脉的鹰群上。",攻击,,,,,,,
重返幽暗密林,120,战术,大鹰的支持,巨鹰的支援,51223bd0-ffd1-11df-a976-0801206c9019.jpg,附属,,3,,,,,,,恩惠.,,,,,,,,,,"附属到一名【战术】英雄上。
行动：横置巨鹰的支援，以选择一只巨鹰盟友。将该盟友的【攻击力】或【防御力】（选择其一）增加到所附属英雄上直到本阶段结束。",攻击,,,,,,,
重返幽暗密林,121,精神,西大道旅者,西大道的旅者,51223bd0-ffd1-11df-a976-0801206c9026.jpg,盟友,,2,,2,0,0,1,,洛汗.,,,,,,,,,洛汗,响应：在从你的手牌中打出西大道的旅者后，将激活的地区与场景区中的任一其他地区互换。,,,,,,,,
重返幽暗密林,122,精神,惊人的速度,惊人的速度,51223bd0-ffd1-11df-a976-0801206c9003.jpg,事件,,3,,,,,,,,,,,,,,,,,行动：所有洛汗角色获得+2【意志力】直到本阶段结束。,任务,,,,,,,
重返幽暗密林,123,学识,黑森林信使,幽暗密林斥候,51223bd0-ffd1-11df-a976-0801206c9016.jpg,盟友,,3,,1,2,0,2,,西尔凡精灵.斥候.,,,,,,,,,西尔凡精灵,当幽暗密林斥候独自攻击时，防御的敌军不计算它的【防御力】。,攻击,,,,,,,
重返幽暗密林,124,学识,大地的线索,大地的线索,51223bd0-ffd1-11df-a976-0801206c9017.jpg,事件,,0,,,,,,,,,,,,,,,,,行动：查看遭遇牌顶端的一张卡牌。然后，你可以支付1枚【学识】资源标记，以使大地的线索返回你的手牌。,,,,,,,,
重返幽暗密林,125,中立,往昔阴影,过往黯影,51223bd0-ffd1-11df-a976-0801206c9018.jpg,事件,,2,,,,,,,,,,,,,,,,,行动：将遭遇弃牌堆顶端的一张卡牌移至遭遇牌组顶端。,,,,,,,,
凯萨督姆,1,精神,杜瓦林,德瓦林,51223bd0-ffd1-11df-a976-0801207c9025.jpg,英雄,*,,9,1,2,2,4,,矮人.,,,,,,,,,矮人,响应：在德瓦林攻击并消灭一个半兽人敌军后，你的威胁等级下降2点。,,,,,,,,
凯萨督姆,2,学识,毕佛,毕佛,51223bd0-ffd1-11df-a976-0801207c9008.jpg,英雄,*,,7,2,1,2,3,,矮人.,,,,,,,,,矮人,行动：从一名英雄的资源池中支付1枚资源标记，以增加1枚资源标记到毕佛的资源池中。任何玩家可以触发本能力。（每个回合限制1次）,,多人,,,,,,
凯萨督姆,3,领导,纳维的腰带,纳维的腰带,51223bd0-ffd1-11df-a976-0801207c9050.jpg,附属,*,2,,,,,,,物品.,,,,,,,,,,"附属到一名矮人英雄上。
行动：横置纳维的腰带，以使所附属英雄获得一个【领导】，【学识】，【战术】或【精神】资源符号直到本阶段结束。",,,,,,,,
凯萨督姆,4,领导,都林之歌,都灵之歌,51223bd0-ffd1-11df-a976-0801207c9024.jpg,事件,,1,,,,,,,歌谣.,,,,,,,,,,行动：选择一名矮人英雄，该英雄获得+1【意志力】，+2【攻击力】和+2【防御力】直到本回合结束。,,,,,,,,
凯萨督姆,5,领导,勇往直前,勇往直前,51223bd0-ffd1-11df-a976-0801207c9031.jpg,事件,,3,,,,,,,,,,,,,,,,,响应：在玩家执行任务失败后，选择一位玩家。该玩家不上升他的威胁等级。,,,,,,,,
凯萨督姆,6,战术,南都希瑞安的老兵,南都布理安的老兵,51223bd0-ffd1-11df-a976-0801207c9085.jpg,盟友,,4,,0,3,2,3,,矮人.战士.,,,,,,,,,矮人,南都西理安的老兵进场时具有1枚伤害标记。,攻击,,,,,,,
凯萨督姆,7,战术,矮人挖凿斧,矮人故乡之斧,51223bd0-ffd1-11df-a976-0801207c9026.jpg,附属,,1,,,,,,,"物品.
武器.",,,√,,,,,,,"限制.
附属到一名矮人角色上。所附属角色获得+1【攻击力】。
响应：在所附属角色攻击后，对防御的敌军造成1点伤害。",攻击,,,,,,,
凯萨督姆,8,战术,凯萨德！凯萨德！,凯萨德！凯萨德！,51223bd0-ffd1-11df-a976-0801207c9044.jpg,事件,,0,,,,,,,,,,,,,,,,,行动：选择一名矮人角色。该角色获得+3【攻击力】直到本阶段结束。,攻击,,,,,,,
凯萨督姆,9,精神,齐吉尔矿工,西吉尔矿工,51223bd0-ffd1-11df-a976-0801207c9088.jpg,盟友,,2,,1,1,1,1,,矮人.,,,,,,,,,矮人,行动：横置西吉尔矿工并指定一个数值，以弃除你牌组顶端的两张卡牌。如果其中至少有一张卡牌的费用等于所指定的数值，选择一名你控制的英雄。每有一张费用与指定数值相等的卡牌，增加1枚资源标记到该英雄的资源池中。,,,,,,,,
凯萨督姆,10,精神,适于黑暗,适于黑暗,51223bd0-ffd1-11df-a976-0801207c9083.jpg,事件,,2,,,,,,,,,,,,,,,,,行动：每名矮人角色获得+1【意志力】直到本阶段结束。（如果激活的地区是地底或黑暗地区，则以+2【意志力】代替。）,任务,,,,,,,
凯萨督姆,11,学识,埃瑞博撰史人,依伯鲁撰史人,51223bd0-ffd1-11df-a976-0801207c9030.jpg,盟友,,1,,1,0,0,1,,矮人.,,,,,,,,,矮人,"依伯鲁撰史人不能攻击或防御。
行动：横置依伯鲁撰史人并支付1枚【学识】资源标记，以选择并重置一名矮人角色。",,,,,,,,
凯萨督姆,12,学识,先祖的学识,先祖的学识,51223bd0-ffd1-11df-a976-0801207c9007.jpg,事件,,1,,,,,,,,,,,,,,,,,行动：横置一名矮人角色，以放置2枚进度标记到激活的地区上。（如果该地区是地底或山脉地区，则以4枚代替。）,任务,,,,,,,
凯萨督姆,13,中立,埃瑞博靴子,依伯鲁之靴,51223bd0-ffd1-11df-a976-0801207c9012.jpg,附属,,0,,,,,,,物品.,,,,,,,,,,"附属到一名矮人或哈比人角色上。
每名角色限制一张依伯鲁之靴。
所附属角色获得+1生命值。",防御,,,,,,,
红角隘口,1,领导,埃洛希尔,爱罗希尔,cc7beee8-1f42-4926-8c45-8a50f3a87c57.jpg,英雄,*,,10,2,2,1,4,,诺多精灵.贵族.游侠.,,,,,,,,,诺多精灵,"当爱拉丹在场时，爱罗希尔获得+2【防御力】。
响应：在爱罗希尔被宣告为防御者后，从他的资源池中支付1枚资源标记，以重置他。",防御,,,,,,,
红角隘口,2,领导,采取主动,采取主动,ac2d3796-1d68-4d27-9e5e-4a09a535c0b7.jpg,事件,,0,,,,,,,,,,,,,,,,,行动：弃除你牌组顶端的一张卡牌。如果所弃除卡牌的印刷费用等于或高于你控制的角色数量，补两张卡牌并对任一敌军造成2点伤害。,,,,,,,,
红角隘口,3,领导,及时的援助,及时的援助,bd20ff6a-d77f-47d8-81dd-202e5f21cfaf.jpg,事件,,4,,,,,,,,,,,√,,,,,,"隐匿 3.
行动：展示你牌组顶端的五张卡牌，并且如可能则放置一张所展示的盟友牌进场。将所展示的其它所有卡牌洗回你的牌组。",,,,,,,,
红角隘口,4,战术,无影之击,无影之击,c1c21875-2650-4e7d-b8c7-c0c0970ce8b0.jpg,事件,,0,,,,,,,,,,,,,,,,,行动：选择一名你控制的角色。直到本阶段结束前，当该角色攻击一个交锋值高于你威胁等级的敌军时，其获得+3【攻击力】。,攻击,,,,,,,
红角隘口,5,战术,持续击杀,持续击杀,fcfc6d7e-40eb-43b4-a72a-b529931f12ea.jpg,附属,,0,,,,,,,,,,,,,,,,,"附属到一名英雄上。每名英雄限制一张。
另一张名为持续击杀卡牌上的资源标记比本卡牌上资源标记每多1枚，所附属英雄获得+1【攻击力】。
强制：在所附属英雄攻击并消灭一个敌军后，放置1枚资源标记到本卡牌上。",攻击,多人,,,,,,
红角隘口,6,精神,波弗,波佛,c00bdeff-c186-4d83-bf24-2142fdd39b19.jpg,盟友,*,3,,2,1,1,3,,矮人.,,,,,,,,,矮人,任务行动：支付1枚【精神】资源标记，以使波佛从你的手牌中放置进场，横置并指派其执行任务。如果你本阶段执行任务成功并且波佛依然在场，将其返回你的手牌。,任务,,,,,,,
红角隘口,7,精神,重拾的友谊,重拾的友谊,ef533832-523e-40ff-9116-163485826c5b.jpg,事件,,0,,,,,,,,,,,,,,,,,响应：在另一位玩家打出一张附属牌到你控制的英雄上后，你可以（选择其一）：重置一名该玩家的英雄，或该玩家补一张卡牌，或该玩家的威胁等级下降2点。,,多人,,,,,,
红角隘口,8,学识,渡鸦岭斥候,乌丘斥候,2bb2c224-3d72-455f-9ec6-89670d372660.jpg,盟友,,3,,0,1,1,3,,谷地.斥候.,,,,,,,,,谷地,行动：横置乌丘斥候，以最多使2枚进度标记从一个地区上移至另一个地区上。,任务,,,,,,,
红角隘口,9,学识,必要信息,必要信息,28a27a2b-d9c9-40ab-95ec-b44eca301102.jpg,事件,,2,,,,,,,,,,,√,,,,,,"隐匿 2.
行动：上升1点你的威胁等级，以查看遭遇牌组顶端的一张卡牌。然后，你的威胁等级下降X点，X等于该卡牌的威胁力。",,,,,,,,
红角隘口,10,中立,美味的餐食,美味的餐食,97016882-11f8-428c-9f3f-43bb51aacb38.jpg,附属,,0,,,,,,,,,,,,,,,,,"附属到一名哈比人英雄上。
行动：弃除美味的餐食，以使本回合你打出的下一张匹配所附属英雄派系的事件牌费用减2。",,,,,,,,
瑞文戴尔之路,28,战术,埃尔拉丹,爱拉丹,51223bd0-ffd1-11df-a976-0801209c9010.jpg,英雄,*,,10,2,1,2,4,,诺多精灵.贵族.游侠.,,,,,,,,,诺多精灵,"当爱罗希尔在场时，爱拉丹获得+2【攻击力】。
响应：在爱拉丹被宣告为攻击者后，从他的资源池中支付1枚资源标记，以重置他。",攻击,,,,,,,
瑞文戴尔之路,29,领导,杜内丹漫游者,登丹漫游者,51223bd0-ffd1-11df-a976-0801209c9009.jpg,盟友,,5,,1,2,2,2,,登丹人.游侠.,√,√,,√,,,,,登丹人,远攻.警戒.隐匿 3.,,多人,,,,,,
瑞文戴尔之路,30,领导,墨瑞亚的召唤,摩瑞亚的召唤,51223bd0-ffd1-11df-a976-0801209c9015.jpg,事件,,3,,,,,,,,,,,,,,,,,行动：重置所有矮人角色。,,,,,,,,
瑞文戴尔之路,31,战术,幽谷剑,瑞文戴尔之剑,51223bd0-ffd1-11df-a976-0801209c9023.jpg,附属,,1,,,,,,,"物品.
武器.",,,√,,,,,,,"限制.
附属到诺多精灵或西尔凡精灵角色上。
当所附属角色攻击敌军时，该敌军获得-2【防御力】直到本阶段结束。",攻击,,,,,,,
瑞文戴尔之路,32,战术,落石,落石,51223bd0-ffd1-11df-a976-0801209c9014.jpg,事件,,1,,,,,,,,,,,,,,,,,行动：横置X名角色，以对场景区中的一个敌军造成X点伤害。,攻击,多人,,,,,,
瑞文戴尔之路,33,精神,马克骑手,骠骑兵,51223bd0-ffd1-11df-a976-0801209c9022.jpg,盟友,,3,,2,1,1,2,,洛汗.,,,,,,,,,洛汗,"行动：支付1枚【精神】资源标记，以使骠骑兵交由另一位玩家控制。（每个回合限制1次）
响应：在骠骑兵改变控制权后，弃除一张与你交锋的敌军上所分配的暗影牌。",,多人,,,,,,
瑞文戴尔之路,34,精神,埃雅仁迪尔之歌,埃兰迪尔之歌,51223bd0-ffd1-11df-a976-0801209c9026.jpg,附属,,1,,,,,,,歌谣.,,,,,,,,,,"附属到一名【精神】英雄上。
响应：在埃兰迪尔之歌进场后，补一张卡牌。
响应：在另一位玩家的威胁等级上升后，上升1点你的威胁等级，以使该玩家的威胁等级下降1点。",,多人,,,,,,
瑞文戴尔之路,35,学识,邦伯,庞伯,51223bd0-ffd1-11df-a976-0801209c9007.jpg,盟友,*,3,,0,0,1,3,,矮人.,,,,,,,,,矮人,行动：横置庞伯，以选择一个地区。该地区获得-1【威胁值】直到本阶段结束。（如果是地底地区，则以该地区不计算其【威胁值】代替。）,,,,,,,,
瑞文戴尔之路,36,学识,来自荒野,远离荒蛮,51223bd0-ffd1-11df-a976-0801209c9020.jpg,事件,,3,,,,,,,,,,,√,,,,,,"隐匿 2.
行动：在遭遇牌组顶端的五张卡牌中，搜寻任意一张无胜利点数值的非目标牌，并加入你的胜利点计数中。将余下的卡牌洗回遭遇牌组。将远离荒蛮加入胜利点计数区中。",,,,,,,,
瑞文戴尔之路,37,中立,末日来临,末日来临,51223bd0-ffd1-11df-a976-0801209c9027.jpg,事件,,0,,,,,,,,,,,,,,,,,响应：在一名矮人角色离场后，将遭遇弃牌堆洗回遭遇牌组。,,,,,,,,
水中监视者,53,学识,阿拉贡,亚拉冈,51223bd0-ffd1-11df-a976-0801210c9001.jpg,英雄,*,,12,2,3,2,5,,登丹人.游侠.,√,,,,,,,,登丹人,"警戒.
恢复行动：将你的威胁等级下降到你的初始威胁等级。（每局游戏限制1次）",攻击,多人,,,,,,
水中监视者,54,领导,石冢,石冢,51223bd0-ffd1-11df-a976-0801210c9007.jpg,事件,,1,,,,,,,,,,,,,,,,,响应：在一名角色离场后，将该角色的【攻击力】增加到另一名角色的【攻击力】上直到本回合结束。,攻击,,,,,,,
水中监视者,55,领导,断剑,断折的圣剑,51223bd0-ffd1-11df-a976-0801210c9018.jpg,附属,*,3,,,,,,,宝物.,,,,,,,,,,"所附属英雄获得【领导】资源符号。
如果所附属英雄是亚拉冈，你控制的每名角色获得+1【意志力】。",任务,,,,,,,
水中监视者,56,战术,布茹伊能河哨兵,布鲁南河的哨兵,51223bd0-ffd1-11df-a976-0801210c9025.jpg,盟友,,2,,0,1,2,2,,诺多精灵.战士.,√,,,,,,,,诺多精灵,"警戒.
布鲁南河的哨兵防御时无须横置。
强制：在布鲁南河的哨兵防御后，将其从场中弃除或从你的手牌中弃除一张卡牌。 ",防御,多人,,,,,,
水中监视者,57,战术,幽谷弓,瑞文戴尔之弓,51223bd0-ffd1-11df-a976-0801210c9013.jpg,附属,,1,,,,,,,"物品.
武器.",,,,,,,,,,"附属到一名诺多精灵或西尔凡精灵角色上，或附属到亚拉冈上。每名角色限制一张。
所附属角色获得“远攻”。
如果所附属角色具有印刷的“远攻”关键词，在远攻攻击中其获得+1【攻击力】。",攻击,多人,,,,,,
水中监视者,58,精神,阿尔玟·乌多米尔,亚玟·安多米尔,51223bd0-ffd1-11df-a976-0801210c9002.jpg,盟友,*,2,,2,0,1,2,,诺多精灵. 贵族.,,,,,,,,,诺多精灵,响应：在亚玟·安多米尔横置后，选择一名角色。该角色获得“警戒”和+1【防御力】直到本回合结束。,防御,,,,,,,
水中监视者,59,精神,埃尔隆德的忠告,爱隆的忠告,51223bd0-ffd1-11df-a976-0801210c9005.jpg,事件,,0,,,,,,,,,,,,,,,,,行动：如果你控制了一名独有的诺多精灵角色，使另一名角色获得+1【意志力】直到本阶段结束，并且你的威胁等级下降3点。,任务,,,,,,,
水中监视者,60,学识,捷径,捷径,51223bd0-ffd1-11df-a976-0801210c9014.jpg,事件,,1,,,,,,,,,,,,,,,,,响应：在一张地区牌进场后，横置一名哈比人角色，以使该地区洗回遭遇牌组。然后，从遭遇牌组中展示一张卡牌并将其加入场景区中。,,,,,,,,
水中监视者,61,学识,都林的遗产,都灵的遗赠,51223bd0-ffd1-11df-a976-0801210c9009.jpg,附属,*,1,,,,,,,状态.,,,,,,,,,,"附属到一名矮人英雄上。
响应：在从你的手牌中打出一名矮人角色后，横置都灵的遗赠以补一张卡牌。",,,,,,,,
水中监视者,62,中立,资源丰富,资源丰富,51223bd0-ffd1-11df-a976-0801210c9012.jpg,附属,*,4,,,,,,,,,,,√,,,,,,"隐匿 3.
附属到一名你控制的英雄上。
在每回合的资源阶段，所附属英雄额外收集1枚资源标记。",,,,,,,,
漫长的黑暗,76,战术,哈马,哈玛,51223bd0-ffd1-11df-a976-0801211c9016.jpg,英雄,*,,9,1,3,1,4,,"洛汗.
战士.",,,,,,,,,洛汗,响应：在哈玛被宣告为攻击者后，从你的弃牌堆中返回一张【战术】事件牌到你的手牌。然后，从你的手牌中选择并弃除一张卡牌（每局游戏所有玩家共为一组限制三次）。,攻击,,,,,,,
漫长的黑暗,77,领导,埃瑞斯托,伊瑞斯特,51223bd0-ffd1-11df-a976-0801211c9008.jpg,盟友,*,4,,2,0,1,3,,诺多精灵.,,,,,,,,,诺多精灵,行动：从你的手牌中选择并弃除一张卡牌，以补一张卡牌。（每个回合限制1次）,任务,,,,,,,
漫长的黑暗,78,领导,新的足迹,新的足迹,51223bd0-ffd1-11df-a976-0801211c9012.jpg,事件,,1,,,,,,,,,,,,,,,,,响应：在一个敌军被加入场景区后，对该敌军造成1点伤害。当本回合交锋检定时玩家忽略该敌军。,,,,,,,,
漫长的黑暗,79,战术,埃瑞博战斗大师,依鲁伯战斗大师,51223bd0-ffd1-11df-a976-0801211c9007.jpg,盟友,,3,,0,1,1,2,,矮人.战士.,,,,,,,,,矮人,你每控制一名其他矮人盟友，依鲁伯战斗大师获得+1【攻击力】。,攻击,,,,,,,
漫长的黑暗,80,战术,锁环甲,锁环甲,51223bd0-ffd1-11df-a976-0801211c9021.jpg,附属,,2,,,,,,,物品.防具.,,,√,,,,,,,"限制.
附属到矮人或哈比人角色上。
所附属角色获得+1生命值和+1【防御力】。",防御,,,,,,,
漫长的黑暗,81,精神,视线之外,视线之外,51223bd0-ffd1-11df-a976-0801211c9020.jpg,事件,,5,,,,,,,,,,,√,,,,,,"隐匿 3.
行动：与你交锋的敌军本阶段不能攻击你。",防御,,,,,,,
漫长的黑暗,82,精神,心情转好,心情转好,51223bd0-ffd1-11df-a976-0801211c9009.jpg,附属,,0,,,,,,,状态.,,,,,,,,,,"附属到一名矮人角色上。
响应：在你探索到山脉或地底地区后，重置所附属角色并且你的威胁等级下降1点。",,,,,,,,
漫长的黑暗,83,学识,医护官,医护官,51223bd0-ffd1-11df-a976-0801211c9026.jpg,盟友,,2,,1,0,1,1,,刚铎.医者.,,,,,,,,,刚铎,行动：横置医护官，以治疗最多两名不同角色的1点伤害。然后，你可以支付2枚【学识】资源标记，以重置医护官。,,,,,,,,
漫长的黑暗,84,学识,命令之语,真言术,51223bd0-ffd1-11df-a976-0801211c9027.jpg,事件,,1,,,,,,,,,,,,,,,,,行动：横置一名巫师角色，以从你的牌组中搜寻一张卡牌并加入你的手牌。重洗你的牌组。,,,,,,,,
漫长的黑暗,85,学识,喜爱的故事,喜爱的故事,51223bd0-ffd1-11df-a976-0801211c9019.jpg,附属,,0,,,,,,,状态.,,,,,,,,,,"附属到一名【学识】英雄上。每名英雄限制一张。
响应：在打出一张歌谣卡牌后，横置喜爱的故事以增加1枚资源标记到所附属英雄的资源池中。",,,,,,,,
大地的根基,101,精神,格罗芬德尔,葛罗芬戴尔,51223bd0-ffd1-11df-a976-0801212c9016.jpg,英雄,*,,5,3,3,1,5,,诺多精灵.贵族.战士.,,,,,,,,,诺多精灵,强制：在横置葛罗芬戴尔以指派其执行任务后，你的威胁等级上升1点。,攻击,,,,,,,
大地的根基,102,领导,长须长者,长须长者,51223bd0-ffd1-11df-a976-0801212c9021.jpg,盟友,,3,,2,1,1,2,,矮人.,,,,,,,,,矮人,响应：在指派长须长者执行任务后，查看遭遇牌组顶端的一张卡牌。如果该卡牌是一张地区牌，放置1枚进度标记到当前任务上。否则，长须长者获得-1【意志力】直到本阶段结束。,任务,单人,,,,,,
大地的根基,103,领导,必选之路,必选之路,51223bd0-ffd1-11df-a976-0801212c9028.jpg,附属,,4,,,,,,,状态.,,,,,,,,,,"每套牌组限制一张。
附属到一个地区上。
当所附属地区是激活的地区时，英雄攻击，防御或指派执行任务时无须横置。",,,,,,,,
大地的根基,104,战术,食人妖森林斥候,食人妖之地的斥候,51223bd0-ffd1-11df-a976-0801212c9033.jpg,盟友,,2,,0,2,1,2,,诺多精灵.斥候.,,√,,,,,,,诺多精灵,"远攻.
食人妖之地的斥候攻击时无须横置。
强制：在食人妖之地的斥候攻击后，将其从场中弃除或从你的手牌中弃除一张卡牌。",攻击,,,,,,,
大地的根基,105,战术,重击,重击,51223bd0-ffd1-11df-a976-0801212c9018.jpg,事件,,1,,,,,,,,,,,,,,,,,响应：战斗中，在一名矮人对一个敌军造成X点伤害后，对该敌军造成额外的X点伤害。（每个阶段限制1次）,攻击,,,,,,,
大地的根基,106,精神,伊姆拉缀斯占星师,伊姆拉崔占星师,51223bd0-ffd1-11df-a976-0801212c9019.jpg,盟友,,2,,0,0,1,1,,诺多精灵.,,,,,,,,,诺多精灵,行动：横置伊姆拉崔观星者，以选择一位玩家。该玩家查看他牌组顶端的五张卡牌，然后将它们按任意顺序返回他的牌组顶端。,,,,,,,,
大地的根基,107,精神,维林诺之光,瓦林诺之光,51223bd0-ffd1-11df-a976-0801212c9020.jpg,附属,*,1,,,,,,,状态.,,,,,,,,,,"附属到一名诺多精灵或西尔凡精灵英雄上。
指派所附属英雄执行任务时无须横置。",任务,,,,,,,
大地的根基,108,学识,戴隆的如尼文,戴隆的符文,51223bd0-ffd1-11df-a976-0801212c9010.jpg,事件,,0,,,,,,,,,,,,,,,,,行动：补两张卡牌。然后，从你的手牌中弃除一张卡牌。,,,,,,,,
大地的根基,109,学识,治疗草药,治愈药草,51223bd0-ffd1-11df-a976-0801212c9017.jpg,附属,,0,,,,,,,,,,,,,,,,,"附属到一名【学识】英雄上。
行动：弃除治愈药草并横置所附属英雄，以治疗一名角色的所有伤害。",,,,,,,,
大地的根基,110,学识,阿斯法洛斯,阿斯法洛斯,51223bd0-ffd1-11df-a976-0801212c9001.jpg,附属,*,2,,,,,,,坐骑.,,,,,,,,,,"附属到一名诺多精灵或西尔凡精灵英雄上。
行动：横置阿斯法洛斯，以放置1枚进度标记到任一地区上。（如果所附属英雄是葛罗芬戴尔，以2枚代替。）",,,,,,,,
暗影与烈焰,128,学识,埃尔隆德,爱隆,51223bd0-ffd1-11df-a976-0801213c9004.jpg,英雄,*,,13,3,2,3,4,,诺多精灵. 贵族.,,,,,,,,,诺多精灵,"你可以从爱隆的资源池中花费资源标记，以支付【领导】，【战术】和【精神】盟友的费用。
响应：在一名角色被其它卡牌效果治疗后，额外治疗该角色上的1点伤害。",防御,,,,,,,
暗影与烈焰,129,领导,我们可没闲着,我们并非无所事事,51223bd0-ffd1-11df-a976-0801213c9028.jpg,事件,,0,,,,,,,,,,,,,,,,,行动：横置X名矮人英雄，以增加X枚资源标记到一名英雄的资源池中并补一张卡牌。,,,,,,,,
暗影与烈焰,130,领导,坚毅的领袖,坚毅的领袖,51223bd0-ffd1-11df-a976-0801213c9008.jpg,附属,*,2,,,,,,,,,,,,,,,,,"附属到一名【领导】英雄上。
每名矮人角色获得+1生命值。",防御,,,,,,,
暗影与烈焰,131,战术,张弓搭箭,张弓搭箭,51223bd0-ffd1-11df-a976-0801213c9007.jpg,事件,,1,,,,,,,,,,,,,,,,,行动：横置一名你控制的具有“远攻”关键词的角色，以立即宣告其为攻击者（并结算此次攻击）攻击一个在场景区的敌军。在本次攻击中其获得+1【攻击力】。,攻击,,,,,,,
暗影与烈焰,132,精神,喔，伊尔碧绿丝！姬尔松耐尔！,喔，伊尔碧绿丝！姬尔松耐尔！,51223bd0-ffd1-11df-a976-0801213c9019.jpg,事件,,4,,,,,,,,,,,√,,,,,,"隐匿 4.
响应：在一个非独有敌军攻击你后，将该敌军放置到遭遇牌组的底端。如果你的威胁等级低于该敌军的交锋值，将你的威胁等级设置到与该敌军的交锋值相等的数值。",防御,,,,,,,
暗影与烈焰,133,精神,米茹沃,米卢活,51223bd0-ffd1-11df-a976-0801213c9016.jpg,附属,,1,,,,,,,物品.,,,,,,,,,,"附属到一名英雄上。
行动：弃除米卢活，以（选择两项）：重置所附属英雄，或增加1枚资源标记到所附属英雄的资源池中，或所附属英雄获得+1【意志力】直到本回合结束，或将米卢活放置到你的牌组顶端。",,,,,,,,
暗影与烈焰,134,学识,铸造大师,铸造大师,51223bd0-ffd1-11df-a976-0801213c9015.jpg,盟友,,2,,0,0,1,1,,诺多精灵.工匠.,,,,,,,,,诺多精灵,行动：横置铸造大师，以从你牌组顶端的五张卡牌中搜寻任意一张附属牌并加入你的手牌。将余下的卡牌洗回你的牌组。,,,,,,,,
暗影与烈焰,135,学识,沉思与冥想,沉思与冥想,51223bd0-ffd1-11df-a976-0801213c9020.jpg,事件,,1,,,,,,,,,,,,,,,,,恢复行动：横置两名英雄，以补五张卡牌。,,多人,,,,,,
暗影与烈焰,136,学识,照探前路,照探前路,51223bd0-ffd1-11df-a976-0801213c9022.jpg,事件,,3,,,,,,,,,,,√,,,,,,"隐匿 3.
行动：查看遭遇牌组顶端的三张卡牌。你可以选择一张卡牌并将其移至遭遇牌组底端。将未被选择的卡牌按任意顺序放回遭遇牌组顶端。",,,,,,,,
暗影与烈焰,137,中立,维雅,维雅,51223bd0-ffd1-11df-a976-0801213c9027.jpg,附属,*,2,,,,,,,.宝物.,,,,,,,,,,"附属到爱隆上。他获得【精神】资源符号。
行动：横置爱隆和维雅，以展示你牌组顶端的一张卡牌。如可能，你能立即打出或将其放置进场无须支付费用。否则，将该展示的卡牌移至你的牌组底端。",,,,,,,,
努曼诺尔的后裔,1,战术,贝瑞刚德,贝瑞贡,4823aae3-46ef-4a75-89f9-cbd3aa1b9005.jpg,英雄,*,,10,0,1,4,4,,刚铎.战士.,√,,,,,,,,刚铎,"警戒.
打出武器和防具附属牌到贝瑞贡上的费用减2。",防御,,,,,,,
努曼诺尔的后裔,2,领导,波洛米尔,波罗莫,4823aae3-46ef-4a75-89f9-cbd3aa1b9008.jpg,英雄,*,,11,1,3,2,5,,刚铎.战士.贵族.,,,,,,,,,刚铎,当波罗莫在他的资源池中至少有1枚资源标记时，刚铎盟友获得+1【攻击力】。,攻击,,,,,,,
努曼诺尔的后裔,3,领导,信使骑手,跑腿的信差,4823aae3-46ef-4a75-89f9-cbd3aa1b9016.jpg,盟友,,1,,0,0,0,2,,刚铎.,,,,,,,,,刚铎,行动：横置跑腿的信差，以将1枚资源标记从你控制的一名英雄的资源池中移至另一名英雄的资源池中。,,多人,,,,,,
努曼诺尔的后裔,4,领导,王城看守者,都城守护者,4823aae3-46ef-4a75-89f9-cbd3aa1b9010.jpg,盟友,,5,,1,0,1,3,,刚铎.,,,,,,,,,刚铎,场中每有一名刚铎盟友，打出都城守护者的费用减1。,防御,,,,,,,
努曼诺尔的后裔,5,领导,同德一心,同德一心,4823aae3-46ef-4a75-89f9-cbd3aa1b9060.jpg,事件,,0,,,,,,,,,,,,,,,,,行动：在场的每张刚铎卡牌获得洛汗属性，并且在场的每张洛汗卡牌获得刚铎属性，直到本阶段结束。,,,,,,,,
努曼诺尔的后裔,6,领导,刚铎的财富,刚铎的财富,4823aae3-46ef-4a75-89f9-cbd3aa1b9087.jpg,事件,,0,,,,,,,,,,,,,,,,,行动：选择一名刚铎英雄。增加1枚资源标记到该英雄的资源池中。,,,,,,,,
努曼诺尔的后裔,7,战术,拉马斯防御者,拉马斯守卫,4823aae3-46ef-4a75-89f9-cbd3aa1b9014.jpg,盟友,,2,,0,1,4,1,,刚铎.战士.,,,,,,,,,刚铎,,防御,,,,,,,
努曼诺尔的后裔,8,战术,高墙掩护,高墙掩护,4823aae3-46ef-4a75-89f9-cbd3aa1b9004.jpg,事件,,1,,,,,,,,,,,,,,,,,行动：重置一名刚铎防御角色，该角色获得+1【防御力】直到本阶段结束。,防御,,,,,,,
努曼诺尔的后裔,9,战术,王城长矛,都城之矛,4823aae3-46ef-4a75-89f9-cbd3aa1b9078.jpg,附属,,2,,,,,,,"物品.
武器.",,,√,,,,,,,"限制.
附属到一名【战术】角色上。
每名角色限制一张。
响应：在所附属角色被宣告为防御者后，对攻击的敌军造成1点伤害。",防御,,,,,,,
努曼诺尔的后裔,10,精神,达姆罗德,丹姆拉,4823aae3-46ef-4a75-89f9-cbd3aa1b9013.jpg,盟友,*,4,,1,2,2,2,,刚铎.游侠.,,,,,,,,,刚铎,行动：从场中弃除丹姆拉，以在场景区每有一个敌军则使你的威胁等级下降1点。,,多人,,,,,,
努曼诺尔的后裔,11,精神,点燃烽火,点燃烽火,4823aae3-46ef-4a75-89f9-cbd3aa1b9050.jpg,事件,,5,,,,,,,,,,,,,,,,,行动：所有角色获得+2【防御力】并且防御时无须横置，直到本回合结束。,防御,,,,,,,
努曼诺尔的后裔,12,精神,警戒的和平,警戒的和平,4823aae3-46ef-4a75-89f9-cbd3aa1b9002.jpg,事件,,1,,,,,,,,,,,,,,,,,响应：在一张没有胜利点数的地区牌作为已探索地区离场后，将其返回到遭遇牌组顶端。,,,,,,,,
努曼诺尔的后裔,13,精神,努门诺尔的血统,努曼诺尔的血统,4823aae3-46ef-4a75-89f9-cbd3aa1b9007.jpg,附属,,0,,,,,,,状态.,,,,,,,,,,"附属到一名刚铎或登丹人英雄上。
行动：从所附属英雄的资源池中支付1枚资源标记，以使所附属英雄在其资源池中每有1枚资源标记则获得+1【防御力】直到本阶段结束。（每个阶段限制1次）",防御,,,,,,,
努曼诺尔的后裔,14,学识,拉梅顿猎人,拉密顿猎人,4823aae3-46ef-4a75-89f9-cbd3aa1b9045.jpg,盟友,,2,,1,1,1,1,,刚铎.边境.,,,,,,,,,边境,响应：在从你的手牌中打出拉密顿猎人后，展示你牌组顶端的一张卡牌。如果是边境卡牌，将其加入你的手牌。否则，将其弃除。,,,,,,,,
努曼诺尔的后裔,15,学识,伊希利恩追踪者,伊西立安追踪者,4823aae3-46ef-4a75-89f9-cbd3aa1b9048.jpg,盟友,,2,,0,1,0,3,,刚铎.游侠.,,,,,,,,,刚铎,行动：横置伊西立安追踪者，以使下一张加入场景区的敌军的【威胁值】下降到0，直到本阶段结束。,,,,,,,,
努曼诺尔的后裔,16,学识,学识大师,饱读历史的学者,4823aae3-46ef-4a75-89f9-cbd3aa1b9057.jpg,盟友,,3,,1,0,1,1,,刚铎.,,,,,,,,,刚铎,行动：横置饱读历史的学着，以指定一种卡牌类型。你打出下一张该种类型的【学识】卡牌的费用减1（最少为1），直到本阶段结束。,,,,,,,,
努曼诺尔的后裔,17,学识,尖兵刺桩,游侠刺桩,4823aae3-46ef-4a75-89f9-cbd3aa1b9071.jpg,附属,,2,,,,,,,陷阱.,,,,,,,,,,"将游侠刺桩以未附属状态打出到场景区中。
如果游侠刺桩未附属，将其附属到下一张进入场景区的合理敌军上。
玩家与所附属敌军不进行交锋检定，所附属敌军获得-2【威胁值】。",,,,,,,,
努曼诺尔的后裔,18,中立,佩拉基尔使者,佩拉格使者,4823aae3-46ef-4a75-89f9-cbd3aa1b9015.jpg,盟友,,2,,1,1,0,1,,刚铎.,,,,,,,,,刚铎,响应：在佩拉格使者进场后，增加1枚资源标记到一名刚铎或贵族英雄的资源池中。,,,,,,,,
摄政王的恐惧,1,领导,白肤希尔路因,贺路恩,85699571-9cc3-4ccc-98b0-0e1664893ef5.jpg,英雄,*,,8,1,1,1,4,,边境.,,√,,,,,,,边境,"远攻.
你可以使用贺路恩资源池中的资源，以支付任意派系的边境盟友牌。",,多人,,,,,,
摄政王的恐惧,2,领导,洛斯阿尔那赫战士,罗萨那奇的战士,2e84d805-365c-47ea-9c4f-e3f75daeb9a6.jpg,盟友,,2,,1,1,1,1,,边境.,,,,,,,,,边境,你控制的每名边境角色获得+1【防御力】。,防御,,,,,,,
摄政王的恐惧,3,领导,聚集力量,聚集力量,add42229-f5d1-4c39-a5dd-ec00ad7d0d76.jpg,事件,,0,,,,,,,,,,,,,,,,,行动：从你英雄的资源池弃除2枚资源标记，以增加3枚资源标记到该英雄的资源池中。,,,,,,,,
摄政王的恐惧,4,战术,天鹅骑士,天鹅骑士,c00844d6-1c3c-4e8c-a46c-8de15b8408df.jpg,盟友,,1,,0,0,0,1,,边境.,,,,,,,,,边境,你控制的每名边境角色获得+1【攻击力】。,攻击,,,,,,,
摄政王的恐惧,5,战术,刚铎盾,刚铎之盾,09134509-191b-4903-b4b5-5e650f8143c1.jpg,附属,,1,,,,,,,物品.防具.,,,√,,,,,,,"限制. 
附属到一名英雄上。
每名英雄限制一张。
所附属英雄获得+1【防御力】。（如果所附属英雄具有刚铎属性，则以+2【防御力】代替。）",防御,,,,,,,
摄政王的恐惧,6,精神,埃希尔剑士,伊瑟剑士,1c149f93-9e3b-42fa-878c-80b29563a283.jpg,盟友,,2,,1,1,1,1,,边境.,,,,,,,,,边境,你控制的每名边境角色获得+1【意志力】。,任务,,,,,,,
摄政王的恐惧,7,精神,巴拉西尔之戒,巴拉西尔之戒,0ef9e385-b7e5-4676-a690-2dd8031aa8c8.jpg,附属,*,1,,,,,,,宝物.物品.戒指.,,,,,,,,,,"附属到一名英雄上。
所附属英雄每附属一张宝物附属牌获得+1生命值。
如果所附属英雄是亚拉冈，他还获得一个【学识】资源符号。",防御,,,,,,,
摄政王的恐惧,8,学识,安法拉斯牧民,安法拉斯牧民,4cb4741d-c9d8-4d62-ab4f-50fa80c59fbb.jpg,盟友,,1,,0,0,0,1,,边境.,,,,,,,,,边境,你控制的每名边境角色获得+1生命值。,防御,,,,,,,
摄政王的恐惧,9,学识,米斯兰迪尔的提议,米斯兰达的提议,3c47d373-62bc-4321-9dc1-9b86b2046f68.jpg,事件,,1,,,,,,,,,,,,,,,,,行动：你每控制一名具有印刷【学识】资源符号的英雄，补一张卡牌。,,,,,,,,
摄政王的恐惧,10,中立,丰收,丰收,e02f317e-736c-40a0-8d73-45509fce9ef8.jpg,事件,,0,,,,,,,,,,,,,,,,,行动：指定一个派系。当为指定派系卡牌支付费用时，你能花费任意派系的资源，直到本阶段结束。,,,,,,,,
督伊顿森林,32,学识,米尔泷德,弥尔珑,536c80ba-ad8b-447e-b378-1684508eb0f9.jpg,英雄,*,,8,2,2,1,3,,西尔凡精灵.,,,,,,,,,西尔凡精灵,你控制的每名具有印刷【学识】资源符号的英雄，获得-1初始威胁。,,,,,,,,
督伊顿森林,33,领导,佛朗,佛龙,c6ae1840-dd7d-46ea-baf8-6d30614506de.jpg,盟友,*,3,,1,1,1,3,,边境.,,,,,,,,,边境,当你控制隶属于4种不同影响力派系的边境盟友时，在每个阶段开始时，重置佛龙。,,,,,,,,
督伊顿森林,34,领导,武装的力量,武装的力量,91f28bdf-4b78-4750-9853-65e783e4cb15.jpg,事件,,2,,,,,,,,,,,,,,,,,"如果你控制的每名英雄都具有印刷【领导】资源符号，才能打出。
行动：重置在场的所有盟友。",,,,,,,,
督伊顿森林,35,战术,勇猛无比,勇猛无比,4ed8bd53-0453-4490-a4bb-20a7d793c17f.jpg,附属,,1,,,,,,,技能.,,,,,,,,,,"附属到一名【战术】英雄。每名英雄限制一张。
响应：在所附属英雄攻击并消灭一个敌军后，对另一个与刚被消灭的敌军具有相同属性的敌军造成1点伤害。",攻击,,,,,,,
督伊顿森林,36,战术,战前操练,战前操练,5c7a6b89-0439-4b46-b9f1-09189f981a0d.jpg,事件,,2,,,,,,,,,,,,,,,,,"如果你控制的每名英雄都具有印刷【战术】资源符号，才能打出。
行动：如果当前任务没有“坚守”关键词，其获得“奋战”直到本阶段结束。（角色使用【攻击力】代替【意志力】。）",任务,,,,,,,
督伊顿森林,37,精神,西尔凡流亡者,西尔凡难民,e4fd6e25-982a-464f-82d8-812269864d46.jpg,盟友,,1,,2,0,0,1,,西尔凡精灵.,,,,,,,,,西尔凡精灵,强制：在一名角色离场后，从场中弃除西尔凡难民。,任务,,,,,,,
督伊顿森林,38,精神,对抗魔影,对抗魔影,0801c2c0-2bf7-4a0a-838a-13740f6cdbaf.jpg,事件,,2,,,,,,,,,,,,,,,,,"如果你控制的每名英雄都具有印刷【精神】资源符号，才能打出。
行动：【精神】角色使用他们的【意志力】代替【防御力】直到本阶段结束。",防御,,,,,,,
督伊顿森林,39,学识,港务总管,港务总管,b7f8b82b-c448-4f43-a025-bf6b7e6f0310.jpg,盟友,,3,,1,2,0,2,,诺多精灵.,,,,,,,,,诺多精灵,响应：在一张卡牌效果增加任意数量资源标记到一名你控制的英雄的资源池后，港务总管获得+1【防御力】直到本回合结束。,防御,,,,,,,
督伊顿森林,40,学识,预先警报,预先警报,e678be7e-8048-458d-b4f9-25c2a718fabb.jpg,事件,,2,,,,,,,,,,,,,,,,,"如果你控制的每名英雄都具有印刷【学识】资源符号，才能打出。
行动：敌军不进行交锋检定，直到本阶段结束。",,,,,,,,
督伊顿森林,41,中立,白塔守卫,白塔守卫,31cd848b-a1bc-4ccd-af0c-eb3cc3ba593b.jpg,盟友,,3,,1,0,2,3,,刚铎.,,,,,,,,,刚铎,如果你控制的每名英雄都隶属于同一影响力派系，你可以将无人防御敌军的攻击伤害分配到白塔守卫上，代替分配到一名你控制的英雄上。,防御,,,,,,,
阿蒙丁山的遭遇,56,精神,皮平,皮聘,fd89bdbf-7475-4f3e-96fc-8f5315a90021.jpg,英雄,*,,6,2,1,1,2,,哈比人.,,,,,,,,,哈比人,如果你控制的每名英雄都具有哈比人属性，皮聘获得：“响应：在敌军与你交锋后，上升3点你的威胁等级，以将其返回场景区。该敌军不能与你交锋，直到本回合结束。”,,,,,,,,
阿蒙丁山的遭遇,57,领导,德内梭尔,迪耐瑟,fd89bdbf-7475-4f3e-96fc-8f5315a90022.jpg,盟友,*,4,,3,1,2,3,,刚铎.贵族.,,,,,,,,,刚铎,"你每控制一名已受伤害的英雄，迪耐瑟获得-1【意志力】。
如果迪耐瑟的【意志力】等于或低于0，将其弃除。",任务,,,,,,,
阿蒙丁山的遭遇,58,领导,墨松德领主,摩颂河领主,fd89bdbf-7475-4f3e-96fc-8f5315a90023.jpg,附属,*,1,,,,,,,头衔.,,,,,,,,,,"附属到一名刚铎或边境英雄上。
如果你控制的每名英雄都具有印刷【领导】资源符号，摩颂河领主获得：“响应：在你打出一名【战术】，【精神】或【学识】盟友后，补一张卡牌。”",,,,,,,,
阿蒙丁山的遭遇,59,战术,埃尔达卡之书,艾尔达卡之书,fd89bdbf-7475-4f3e-96fc-8f5315a90024.jpg,附属,*,4,,,,,,,记载.,,,,,,,,,,"附属到一名【战术】英雄上。
你每控制一名具有印刷【战术】资源符号的英雄，打出艾尔达卡之书的费用减1。
行动：弃除艾尔达卡之书，以从你的弃牌堆中打出任意一张【战术】事件牌，如同从你的手牌中打出。然后，将该事件牌放置到你的牌组底端。",,,,,,,,
阿蒙丁山的遭遇,60,战术,刚铎军戒,刚铎军戒,fd89bdbf-7475-4f3e-96fc-8f5315a90025.jpg,事件,,0,,,,,,,刚铎.,,,,,,,,,,响应：取消最多2点刚分配到一名刚铎角色上的伤害。,防御,,,,,,,
阿蒙丁山的遭遇,61,精神,米那斯提力斯制灯匠,米那斯提力斯制灯匠,fd89bdbf-7475-4f3e-96fc-8f5315a90026.jpg,盟友,,1,,0,0,1,1,,刚铎.工匠.,,,,,,,,,刚铎,响应：在一张具有“涌现”关键词的遭遇牌被展示后，弃除米那斯提力斯制灯匠，以指定敌军，地区或阴谋。如果展示的下一张遭遇牌是所指定的类型，将其弃除不结算其效果。,,,,,,,,
阿蒙丁山的遭遇,62,精神,目标过小,弱小的目标,fd89bdbf-7475-4f3e-96fc-8f5315a90027.jpg,事件,,1,,,,,,,,,,,,,,,,,响应：在横置一名你控制的哈比人英雄以防御攻击后，选择与你交锋的另一个敌军，并展示该攻击敌军的暗影牌。如果该暗影牌没有暗影效果，本敌军对被选择的敌军进行攻击。如果该暗影牌具有暗影效果，如常结算本次攻击。,,,,,,,,
阿蒙丁山的遭遇,63,学识,伊希利恩弓手,伊西立安弓箭手,fd89bdbf-7475-4f3e-96fc-8f5315a90028.jpg,盟友,,3,,1,2,1,2,,刚铎.游侠.,,√,,,,,,,刚铎,"远攻.
响应：在伊西立安弓箭手攻击并对敌军造成伤害后，将该敌军返回场景区。",,多人,,,,,,
阿蒙丁山的遭遇,64,学识,伊希利恩坑洞,伊西立安陷阱,fd89bdbf-7475-4f3e-96fc-8f5315a90029.jpg,附属,,1,,,,,,,陷阱.,,,,,,,,,,"将伊西立安陷阱以未附属状态打出到场景区中。
如果伊西立安陷阱未附属，将其附属到下一张进入场景区的合理敌军上。
任意角色可以选择所附属敌军为其攻击的目标。",,多人,,,,,,
阿蒙丁山的遭遇,65,中立,霍比特人的直觉,哈比人的直觉,fd89bdbf-7475-4f3e-96fc-8f5315a90030.jpg,事件,,2,,,,,,,,,,,,,,,,,"如果你的每名英雄都是哈比人，才能打出。
战斗行动：与你交锋的敌军本阶段不能攻击。本阶段你不能宣告攻击。",防御,,,,,,,
强袭奥斯吉力亚斯,81,学识,法拉米尔,法拉墨,323ebfa3-57e5-4394-9f55-284b2f7ee0be.jpg,英雄,*,,11,2,2,2,5,,刚铎.游侠.贵族.,,√,,,,,,,刚铎,"远攻.
场景区中每有一个敌军，法拉墨获得+1【攻击力】。",攻击,多人,,,,,,
强袭奥斯吉力亚斯,82,领导,墨松德之剑,摩颂河之剑,98ba9e54-d6c3-41ff-b886-81a29e29eb64.jpg,附属,*,1,,,,,,,,,,,,,,,,,"附属到一名刚铎盟友。
所附属盟友获得边境属性。",,,,,,,,
强袭奥斯吉力亚斯,83,领导,西方的战士,西方的战士,a2d440c4-6150-4b6f-9a36-faa51ace7908.jpg,事件,,X,,,,,,,边境.,,,,,,,,,,行动：从你的弃牌堆中返回X张边境盟友牌到你的手牌。,,,,,,,,
强袭奥斯吉力亚斯,84,战术,米那斯提力斯骑士,米那斯提力斯的骑士,237b31e7-d0b0-4c1e-bd4a-40a175f7d7d1.jpg,盟友,,3,,0,3,1,3,,刚铎.战士.,,,,,,,,,刚铎,如果你控制的每名英雄都具有印刷【战术】符号，米那斯提力斯的骑士获得：“响应：在米那斯提力斯的骑士进场后，选择场景区中的一个敌军。与该敌军交锋并横置米那斯提力斯的骑士，以宣告其为攻击该敌军的攻击者（并结算此次攻击）。“,攻击,,,,,,,
强袭奥斯吉力亚斯,85,战术,刚铎之火,刚铎之火,a7f12d87-5f28-46ca-a301-0ac48ca5e471.jpg,附属,,0,,,,,,,刚铎.,,,,,,,,,,"附属到一名刚铎或登丹人英雄。
行动：从所附属英雄的资源池中支付1枚资源标记，以使所附属英雄的资源池中每有1枚资源标记，其获得+1【攻击力】直到本阶段结束。（每个阶段限制1次）",攻击,,,,,,,
强袭奥斯吉力亚斯,86,精神,佩拉基尔船木工,佩拉格船木工,d8d1e7b4-3639-4ca0-bc83-daa7f78554b2.jpg,盟友,,3,,0,1,1,3,,刚铎.工匠.,,,,,,,,,刚铎,你每控制一名具有印刷【精神】资源符号的英雄，佩拉格船木工获得+1【意志力】。,任务,,,,,,,
强袭奥斯吉力亚斯,87,精神,埃雅尼尔地图,艾尼尔地图,72cb5c31-c62f-4870-a5f4-099cdec1d4a7.jpg,附属,*,4,,,,,,,记载.,,,,,,,,,,"附属到一名【精神】英雄。
你每控制一名具有印刷【精神】资源符号的英雄，打出艾尼尔地图的费用减1。
行动：弃除艾尼尔地图，以从你的弃牌堆中打出任意一张【精神】事件牌，如同从你的手牌中打出。然后，将该事件牌放置到你的牌组底端。",,,,,,,,
强袭奥斯吉力亚斯,88,学识,尖兵弓,游侠之弓,3fa0b17f-a7d1-4f0c-a779-c20cb6084e78.jpg,附属,,1,,,,,,,"物品.
武器.",,,√,,,,,,,"限制.
附属到一名游侠角色。
行动：横置游侠之弓以及所附属的角色，以对场景区中的一个敌军造成1点伤害。",攻击,,,,,,,
强袭奥斯吉力亚斯,89,学识,森林巡逻,森林巡逻,50aa4aab-6daa-4cb5-bfb1-a13db03c1a23.jpg,事件,,1,,,,,,,,,,,,,,,,,"如果你控制至少一名游侠角色，才能打出。
行动：对一个至少被附属一张陷阱卡牌的敌军造成3点伤害。",,,,,,,,
强袭奥斯吉力亚斯,90,中立,真知晶球,真知晶球,1e9a6c59-8dc7-4dc4-a5a4-f5f4f9ccdc55.jpg,附属,*,1,,,,,,,宝物.物品.,,,,,,,,,,"附属到一名贵族英雄。
计划行动：横置真知晶球以及所附属的英雄，以指定一种卡牌类型并查看遭遇牌组顶端的三张卡牌。这些卡牌中每有一张匹配指定类型的卡牌，补一张卡牌。这些卡牌中每有一张不匹配指定类型的卡牌，你的威胁等级上升2点。",,,,,,,,
刚铎之血,107,精神,卡尔达拉,卡尔达瑞,60725069-031c-4251-9b2c-3f368545e9ac.jpg,英雄,*,,8,2,1,2,3,,刚铎.,,,,,,,,,刚铎,行动：弃除卡尔达瑞，以使你每控制另一名具有印刷【精神】资源符号的英雄，将一张【精神】盟友从你的弃牌堆放置进场（每局游戏限制一次）。,,,,,,,,
刚铎之血,108,领导,王城侍从,都城侍从,d4f034b0-2444-4b61-a249-8d86e8856f7c.jpg,盟友,,1,,0,0,1,1,,刚铎.,,,,,,,,,刚铎,响应：在都城侍从离场后，增加1枚资源标记到一名刚铎英雄的资源池中。,,,,,,,,
刚铎之血,109,领导,阿塔那塔典籍,雅坦纳托典籍,e88d7165-821c-4b04-9869-80ee1f33905c.jpg,附属,*,4,,,,,,,记载.,,,,,,,,,,"附属到一名【领导】英雄。
你每控制一名具有印刷【领导】资源符号的英雄，打雅坦纳托典籍的费用减1。
行动：弃除雅坦纳托典籍，以从你的弃牌堆中打出任意一张【领导】事件牌，如同从你的手牌中打出。然后，将该事件牌放置到你的牌组底端。",,,,,,,,
刚铎之血,110,战术,古斯拉夫,古斯拉夫,06baca74-330a-4038-9387-32ce8657dd8f.jpg,盟友,*,3,,1,1,2,2,,洛汗.,,,,,,,,,洛汗,"如果场中至少有一名洛汗英雄，打出古斯拉夫的费用减1。
如果场中至少有一名刚铎铎雄，古斯拉夫获得“警戒”。",防御,多人,,,,,,
刚铎之血,111,战术,一夫当关,众矢之的,cc2f73af-86c8-4d81-b706-14127adc0b37.jpg,事件,,2,,,,,,,,,,,,,,,,,遭遇行动：与在场的每一个敌军交锋。,,,,,,,,
刚铎之血,112,精神,埃梅瑞,艾莫瑞,314eaf40-1554-4c1a-b643-1f4353e25633.jpg,盟友,*,3,,1,1,2,2,,刚铎.,,,,,,,,,刚铎,行动：弃除你牌组顶端的三张卡牌，以将艾莫瑞从你的手牌中放置进场，交由任一玩家控制。然后，如果弃除的任何卡牌隶属于【领导】，【战术】或【学识】派系，弃除艾莫瑞。,,多人,,,,,,
刚铎之血,113,精神,大海的子民,大海的子民,65d3b334-df93-43c6-9525-12674bbb7f06.jpg,事件,,0,,,,,,,,,,,,,,,,,行动：选择一名你控制的西尔凡精灵或诺多精灵盟友。该盟友获得+2【意志力】直到本阶段结束。在本阶段结束时，如果该盟友依然在场，将其洗回其拥有者的牌组。,任务,,,,,,,
刚铎之血,114,学识,安博恩,安朋,ef8aec20-e0c9-4d02-9dea-20b6e7c2278b.jpg,盟友,*,4,,1,3,1,3,,刚铎.游侠.,,,,,,,,,刚铎,行动：横置安朋，以将一张陷阱卡牌从你的弃牌堆返回你的手牌。,攻击,,,,,,,
刚铎之血,115,学识,剧毒木桩,剧毒木桩,30e0c679-3ced-4862-a681-b67ceb8939d3.jpg,附属,,2,,,,,,,陷阱.,,,,,,,,,,"将剧毒木桩以未附属状态打出到场景区中。
如果剧毒木桩未附属，将其附属到下一张进入场景区的合理敌军上。
在每回合结束时，对所附属的敌军造成2点伤害。",,,,,,,,
刚铎之血,116,中立,装备精良,装备精良,0f027b32-f63f-4d37-8305-5ba2b059289d.jpg,事件,,0,,,,,,,,,,,,,,,,,行动：弃除你牌组顶端的两张卡牌。你可以将一张被本效果弃除的附属牌附属到一名在场的合理矮人角色上。,,,,,,,,
魔窟谷,134,战术,希优顿,希优顿,29d5feef-6165-4077-bb80-692526a8a924.jpg,英雄,*,,12,2,3,2,4,,洛汗.贵族.战士.,√,,,,,,,,洛汗,"警戒.
每名具有印刷【战术】资源符号的英雄获得+1【意志力】。",任务,多人,,,,,,
魔窟谷,135,领导,佩拉基尔船长,佩拉格船长,1f28f098-09d4-43fa-8fba-eae551a5d4fe.jpg,盟友,,2,,1,1,0,2,,刚铎.,,,,,,,,,刚铎,响应：在佩拉格船长进场后，将1枚资源标记从你控制的一名英雄的资源池中移至另一名英雄的资源池中。,,,,,,,,
魔窟谷,136,领导,远见卓识,远见卓识,2f0a3f18-c84f-4458-b6f7-2e6be9acee6b.jpg,附属,*,2,,,,,,,技能.,,,,,,,,,,"附属到一名刚铎英雄。
当所附属英雄的资源池中有至少1枚资源标记时，刚铎角色获得+1【意志力】。",任务,,,,,,,
魔窟谷,137,战术,马克的长矛,骠骑之枪,66d8e628-8ca8-4605-9017-aece027f054f.jpg,附属,,1,,,,,,,"物品.
武器.",,,√,,,,,,,"限制.
附属到一名洛汗角色。
所附属角色获得+1【攻击力】。（如果攻击场景区中的敌军，则以+2【攻击力】代替。）",攻击,,,,,,,
魔窟谷,138,战术,埃奥尔一族，勇往直前！,伊欧子嗣冲啊！,80cdd2b5-60cf-4d47-afe7-505b79abcb1b.jpg,事件,,2,,,,,,,,,,,,,,,,,战斗行动：本阶段，每名洛汗英雄能被宣告为攻击者，攻击场景区中的敌军。,攻击,,,,,,,
魔窟谷,139,精神,马克的坐骑,骠骑战马,90d300da-a557-44b1-a634-d54782ff5e48.jpg,附属,,1,,,,,,,坐骑.,,,,,,,,,,"附属到一名刚铎或洛汗英雄。
响应：在指派所附属英雄执行任务后，从所附属英雄的资源池中支付1枚资源标记,以重置所附属英雄。
",,,,,,,,
魔窟谷,140,精神,宁洛德尔之谣,宁若戴尔的歌谣,b442354c-887d-403e-815b-a11f10a8760d.jpg,事件,,1,,,,,,,歌谣.,,,,,,,,,,行动：选择一名【精神】英雄。该英雄的资源池中每有1枚资源标记，其获得+1【意志力】直到本阶段结束。,任务,,,,,,,
魔窟谷,141,学识,埃瑞德宁莱斯勘探者,伊瑞德尼姆拉斯勘探者,3eb1141f-bf1f-401e-a69d-e4df0af2a8ab.jpg,盟友,,2,,1,0,1,2,,矮人.,,,,,,,,,矮人,响应：在伊瑞德尼姆拉斯勘探者进场后，弃除你牌组顶端的三张卡牌。然后，从你的弃牌堆中选择一张卡牌，并洗回你的牌组。,,,,,,,,
魔窟谷,142,学识,伊熙尔杜卷轴,埃西铎卷轴,63c6bd3a-5566-412d-9199-3929d2fc3cf2.jpg,附属,*,4,,,,,,,记载.,,,,,,,,,,"附属到一名【学识】英雄。
你每控制一名具有印刷【学识】资源符号的英雄，打出埃西铎卷轴的费用减1。
行动：弃除埃西铎卷轴，以从你的弃牌堆中打出任意一张【学识】事件牌，如同从你的手牌中打出。然后，将该事件牌放置到你的牌组底端。",,,,,,,,
魔窟谷,143,中立,隐秘的珍宝,隐蔽的窖藏,6a871e9e-fa3e-4556-8730-09aed1a3ec40.jpg,事件,,0,,,,,,,,,,,,,,,,,"响应：在隐蔽的窖藏从你的牌组中被弃除后，增加2枚资源标记到你控制的一名英雄的资源池中。
行动：支付1枚资源标记，以补一张卡牌。",,,,,,,,
艾辛格之声,1,战术,伊奥梅尔,伊欧墨,21cfb9e9-6777-4bc6-ace6-08fe68e949a4.png,英雄,*,,10,1,3,2,4,,洛汗.贵族.战士.,,,,,,,,,洛汗,响应：在一名角色离场后，伊欧墨获得+2【攻击力】直到本回合结束。（每个回合限制1次）,攻击,多人,,,,,,
艾辛格之声,2,学识,葛力马,葛力马,b49c3563-b3cd-4f33-b706-c2a721028891.png,英雄,*,,9,2,1,2,3,,洛汗.艾辛格.,,,,,,,,,洛汗,行动：你从手牌打出的下一张卡牌费用降低1点。该卡牌获得厄运 1。（每个回合限制1次）,,单人,,,,,,
艾辛格之声,3,中立,萨茹曼,萨鲁曼,20250f12-5bfc-4ffc-8e7e-4e3d71276509.png,盟友,*,3,,3,5,4,4,,巫师.艾辛格.,,,,,√,,,,巫师,"厄运 3. 回合结束时，从场上弃除萨鲁曼。
响应：在萨鲁曼进场后，选择场景区一个非独有敌军或地区，当萨鲁曼在场时，被选择的敌军或地区视为不在游戏中。",,单人,,,,,,
艾辛格之声,4,领导,欧尔桑克禁卫,欧散克塔卫兵,6f333a3e-6c2f-4f69-9c93-c5f46dc4f339.png,盟友,,2,,1,0,2,2,,艾辛格.,,,,,,,,,,响应：在你因厄运关键词而上升威胁等级后，重置欧散克塔卫兵。,,,,,,,,
艾辛格之声,5,学识,艾森加德信使,欧散克塔信使,fe60620b-9ea1-4bf8-8d41-e7fd81a28427.png,盟友,,2,,1,0,1,2,,艾辛格.,,,,,,,,,,响应：在你因厄运关键词而上升威胁等级后，欧散克塔信使获得+1【意志力】直到本回合结束。（每个回合限制2次）,任务,,,,,,,
艾辛格之声,6,战术,西伏尔德先驱者,西谷先驱者,93a364f6-2a0f-4872-9770-aa7a1bd30d3d.png,盟友,,2,,0,2,1,2,,"洛汗.
斥候.",,,,,,,,,洛汗,行动：弃除西谷先驱者以选择一名未与你交锋的敌军。与该敌军交锋。,攻击,,,,,,,
艾辛格之声,7,精神,西伏尔德饲马师,西谷饲马人,0567c2df-677c-4529-985a-54621088fe58.png,盟友,,1,,1,0,0,1,,洛汗.,,,,,,,,,洛汗,响应：在西谷饲马人进场后，从你牌组顶端的十张卡牌中搜寻一张坐骑附属并加入你的手牌。将你的牌组洗牌。,,,,,,,,
艾辛格之声,8,战术,洛汗战马,洛汗战马,6f8508d7-bb11-4d5c-a077-80a35e00105e.png,附属,,1,,,,,,,坐骑.,,,√,,,,,,,"附属到一名【战术】或洛汗英雄上。
限制.
响应：在附属的英雄参与一次攻击并消灭敌军后，横置洛汗战马以重置附属的英雄。",,,,,,,,
艾辛格之声,9,精神,银灯,银灯,9463354a-3f6d-43e5-acee-0ea42f8b4403.png,附属,,2,,,,,,,物品.,,,,,,,,,,"附属到一名【精神】英雄上。
当附属的英雄未横置时，与你交锋的敌军按牌面朝上方式分配暗影牌。（结算敌军攻击时依然会结算暗影牌效果。）",,,,,,,,
艾辛格之声,10,中立,欧尔桑克钥匙,欧散克塔钥匙,e6ee53f4-36e4-4671-9d76-8974134d052e.png,附属,*,1,,,,,,,物品.,,,,,,,,,,"附属到一名英雄上。
响应：在你因厄运关键词而上升威胁等级后，横置欧散克塔钥匙以增加1枚资源标记到所附属英雄的资源池中。",,,,,,,,
艾辛格之声,11,领导,努曼诺尔的遗赠,努曼诺尔的遗赠,b9e3d591-5973-4f35-90b8-d74d0aeabcc7.png,事件,,0,,,,,,,,,,,,√,,,,,"厄运 3.
行动：增加1枚资源标记到每个英雄的资源池中。",,多人,,,,,,
艾辛格之声,12,学识,深层知识,深层知识,cfba1adb-5d73-4d46-b10b-b3af003f0e90.png,事件,,0,,,,,,,,,,,,√,,,,,"厄运 2.
行动：每名玩家补两张卡牌。",,多人,,,,,,
艾辛格之声,13,战术,巫师的声音,巫师的声音,c6df7ee6-41e2-4b24-91d6-f4f9f1bd7d94.png,事件,,0,,,,,,,,,,,,√,,,,,"厄运 3.
行动：每名玩家选择一名与其交锋的敌军。直到本阶段结束，被选择的敌军不能攻击选择它的玩家。",防御,多人,,,,,,
艾辛格之声,14,精神,欧尔桑克的力量,欧散克塔的力量,2867f4c6-b458-4caa-bde2-1a6266c094d6.png,事件,,0,,,,,,,,,,,,√,,,,,"厄运 2.
行动：每名玩家选择并从场上弃除一张状态附属牌。",,多人,,,,,,
艾辛格之声,15,中立,真知晶石,真知晶石,9de50e07-a3a3-4049-908c-c0463aabf91f.png,事件,,0,,,,,,,,,,,,√,,,,,"厄运 1.
行动：从你的牌库中搜寻一张带厄运关键词的卡牌并加入手牌中。将你的牌组洗牌。",,单人,,,,,,
登兰德的陷阱,1,领导,凯勒博恩,凯勒鹏,4c4cccd3-576a-41f1-8b6c-ba11b4cc3d4b.png,英雄,*,,11,3,2,2,4,,西尔凡精灵.贵族.,,,,,,,,,西尔凡精灵,响应：在一名西尔凡精灵盟友进场后，该盟友获得+1【意志力】，+1【攻击力】和+1【防御力】直到本回合结束。,任务,多人,,,,,,
登兰德的陷阱,2,领导,耐斯向导,林心引路人,dad6e885-d535-4100-bd9f-4726ea7c7465.png,盟友,,2,,1,1,0,1,,西尔凡精灵.斥候.,,,,,,,,,西尔凡精灵,响应：在林心引路人进场后，选择一名英雄。本回合指派该英雄执行任务时无需横置。,任务,,,,,,,
登兰德的陷阱,3,领导,迅捷无声,迅捷无声,921ba9dd-32c3-4dae-892c-4452c298459e.png,事件,,1,,,,,,,,,,,,,,,,,行动：重置一名你控制的英雄。然后，如果你的威胁等级等于或低于20，并且这是你本回合第一次打出迅捷无声，则将本卡牌返回你的手牌，代替弃除。,,,,,,,,
登兰德的陷阱,4,战术,火足,火蹄,0ee1f1e6-1952-4bad-8ecd-631e80f4ccc0.png,附属,*,2,,,,,,,坐骑.,,,√,,,,,,,"限制.
附属到一名【战术】或洛汗英雄上。
所附属英雄获得+1【攻击力】（如果所附属英雄是伊欧墨，则以+2【攻击力】代替）。
响应：在所附属英雄单独攻击后，横置火蹄，以选择一个与你交锋的非独有敌军。将本次攻击的过量伤害分配到所选择的敌军上，",,,,,,,,
登兰德的陷阱,5,战术,千钧一发,千钧一发,77bb0328-fe88-42a2-af25-2452c51d5e18.png,事件,,0,,,,,,,,,,,,√,,,,,"厄运 X.
响应：取消刚分配到一名英雄上的X点伤害。",,,,,,,,
登兰德的陷阱,6,精神,蓝山商人,蓝山商人,6840ef99-d0e6-4450-b46f-ad04fee2e78c.png,盟友,,2,,1,0,1,2,,矮人.,,,,,,,,,矮人,行动：选择另一位玩家。该玩家获得蓝山商人的控制权。然后，将1枚资源标记从他控制的一名英雄的资源池中移至你控制的一名英雄的资源池中，或弃除蓝山商人。（每个回合限制1次）,,多人,,,,,,
登兰德的陷阱,7,精神,吉尔-加拉德的陨落,吉尔加拉德的陨落,657e60d4-788e-4064-a8c3-e62584320872.png,附属,,1,,,,,,,歌谣.,,,,,,,,,,"每套牌组限制1张。附属到一名英雄上。
响应：当所附属英雄被消灭时，将吉尔加拉德的陨落加入胜利点计数中，以使你的威胁等级下降X点，X等于所附属英雄的初始威胁。",,,,,,,,
登兰德的陷阱,8,学识,伊希利恩远望者,伊西利安远望者,86edf661-e3d8-4372-9325-f2d2d5ac354a.png,盟友,,3,,1,2,0,2,,刚铎.游侠.,,,,√,,,,,刚铎,"隐匿 2.
响应：在伊西立安远望者进场后，查看遭遇牌组顶端的一张卡牌。如果是敌军牌，你可以将其弃除。",,,,,,,,
登兰德的陷阱,9,学识,树民,树民,f39eaad9-134d-406b-9111-e03c33e0cd16.png,事件,,0,,,,,,,,,,,,,,,,,行动：将一名你控制的西尔凡精灵盟友返回你的手牌，以从你牌组顶端的五张卡牌中搜寻一名西尔凡精灵盟友。将该盟友放置进场，并将其他的卡牌洗回你的牌组。每个阶段你仅能打出一张树民。,,,,,,,,
登兰德的陷阱,10,中立,白道会,圣白议会,07d3df19-30b4-493c-a8b0-b38695322e71.png,事件,,X,,,,,,,,,,,,,,,,,"X等于游戏中的玩家数量。
行动：从起始玩家开始，每位玩家选择一个不同的选项：重置一名他控制的英雄，增加1枚资源标记到一名他控制的英雄的资源池中，补一张卡牌，或将一张卡牌从他的弃牌堆洗回他的牌组。",,多人,,,,,,
三场试炼,25,精神,伊德拉恩,伊卓恩,df9683da-d86f-46c9-9ef5-66001753dad5.png,英雄,*,,11,2,3,2,4,,登丹人.游侠.斥候.,,,,,,,,,登丹人,响应：在一个地区被完全探索后，重置伊卓恩,攻击,多人,,,,,,
三场试炼,26,领导,幽谷斥候,瑞文戴尔斥候,b1fb86fd-728b-4e1b-950a-73daa2a82753.png,盟友,,2,,1,1,0,2,,诺多精灵.斥候.,,,,√,,,,,诺多精灵,隐匿 2.,,,,,,,,
三场试炼,27,领导,诱敌之声,诱敌之声,14936075-9e6a-43af-9497-dbee9df95781.png,事件,,0,,,,,,,,,,,,,,,,,战斗行动：将一名你控制的西尔凡精灵盟友返回你的手牌，以选择一个与一位玩家交锋的敌军。该敌军本阶段不能攻击该玩家。,防御,,,,,,,
三场试炼,28,战术,儒米尔,卢米尔,4b794779-c6b6-4ee0-b13f-196b721e28a7.png,盟友,*,4,,2,2,1,2,,西尔凡精灵.斥候.,,√,,,,,,,西尔凡精灵,"远攻.
响应：在从你的手牌中打出卢米尔后，选择一个与一位玩家交锋的敌军。对该敌军造成X点伤害，X等于你控制的具有“远攻”关键词角色的数量",,,,,,,,
三场试炼,29,战术,精灵锁甲,精灵锁甲,6b86cf8e-1708-434d-90a5-93163f3d61ea.png,附属,,2,,,,,,,物品.防具.,,,√,,,,,,,"限制.
附属到一名诺多精灵或西尔凡精灵角色上，
所附属角色获得+2生命值并获得“警戒”。",防御,,,,,,,
三场试炼,30,精神,灰水河漫游者,灰泛河流浪者,284838f8-1ea0-466f-a373-032c7ad6e836.png,盟友,,3,,2,1,0,2,,登丹人. 斥候.,,,,,,,,,登丹人,当你从你的手牌中打出灰泛河流浪者时，你可以给予其“厄运 2”。如果你如此做，其获得：“响应：在你打出灰泛河流浪者后，为在场的每个地区上放置1枚进度标记。”,,,,,,,,
三场试炼,31,精神,阿尔诺看守者,亚尔诺看守者,f9b39223-3b12-4682-8db5-9ef4116b4919.png,附属,*,1,,,,,,,头衔.,,,,,,,,,,"附属到一名斥候英雄上。
当所附属角色被指派执行任务时，放置1枚进度标记到每回合从遭遇牌组展示的第一张地区牌上。",,,,,,,,
三场试炼,32,学识,埃尔隆德的来信,爱隆的来信,cc4b0912-ba4a-44b6-b7c5-2c0f0b325ebf.png,事件,,0,,,,,,,,,,,,,,,,,行动：选择一位玩家。该玩家可以从他的手牌中选择一张卡牌并将其加入另一位玩家的手牌中。在本回合结束时，如果所选择的卡牌依然在其手牌或场中，则将其洗回其拥有者的牌组。,,,,,,,,
三场试炼,33,学识,无声的移动,无声的移动,b520fbc1-3cb9-49aa-9b37-2dad3b3ba333.png,事件,,1,,,,,,,,,,,,,,,,,行动：选择一个在场景区的敌军。该敌军本回合不进行交锋检定。然后，如果你的威胁等级等于或低于20，并且这是你本回合第一次打出无声的移动，则将本卡牌返回你的手牌。,,,,,,,,
三场试炼,34,中立,绿叶胸针,绿叶胸针,1c692a1a-4ccf-4185-b5bd-d2b8d300de42.png,附属,,1,,,,,,,物品.,,,,,,,,,,"附属到一名英雄上。每名英雄限制一张。
每回合你打出的第一张与所附属英雄印刷派系相匹配的事件牌获得“隐匿1”。",,,,,,,,
塔巴德的麻烦,56,学识,罗瑞恩的哈尔迪尔,罗瑞安的哈尔达,9d548a43-0ef8-45e6-ab95-7356d218d203.png,英雄,*,,9,2,3,1,3,,西尔凡精灵.游侠.斥候.,,√,,,,,,,西尔凡精灵,"远攻.
战斗行动：如果你本回合没有与敌军交锋，横置罗瑞安的哈尔达，以宣告其为攻击者（并结算他的攻击）攻击一个未与你交锋的敌军。每个回合限制1次。",攻击,,,,,,,
塔巴德的麻烦,57,领导,安诺瑞安传令官,安诺瑞安传令官,8c6be9f6-f97c-40a9-88da-2f3ba7f640ed.png,盟友,,2,,1,0,1,1,,刚铎.,,,,,,,,,刚铎,当你从手牌中打出安诺瑞安传令官时，你可以给予其“厄运 2”。如果你如此做，其获得：“响应：在你打出安诺瑞安传令官后，选择一位玩家，该玩家可以将一名印刷费用等于或低于2的盟友从他的手牌放置进场。”,,单人,,,,,,
塔巴德的麻烦,58,领导,啊，罗瑞恩！,喔，罗瑞安！,b4d93180-0ebc-4a9b-9817-e761068570e3.png,附属,*,1,,,,,,,歌谣.,,,,,,,,,,"附属到一名英雄上。
行动：横置“喔，罗瑞安！”，以使你本阶段打出的下一张西尔凡精灵盟友牌的费用减1（最少为1）。",,多人,,,,,,
塔巴德的麻烦,59,战术,格怀希尔,关赫,2e7f22cc-218e-4dad-b4e4-00b2208713d9.png,盟友,*,5,,2,3,1,4,,"生物.
巨鹰.",,,,,,,,,巨鹰,"关赫不受限制附属。
响应：在关赫进场后，从你的弃牌堆中搜寻一名巨鹰盟友，将其放置进场由你控制。在本回合结束时，如果该盟友依然在场，将其加入你的手牌。",攻击,,,,,,,
塔巴德的麻烦,60,战术,追击敌人,追杀敌军,af74e00e-a04e-4a15-a538-d36539bfb751.png,事件,,0,,,,,,,,,,,,,,,,,行动：将一名你控制的西尔凡精灵盟友返回你的手牌，以选择一位玩家。对与该玩家交锋的每个敌军造成1点伤害。,,,,,,,,
塔巴德的麻烦,61,精神,苏醒的勇气,苏醒的勇气,72ec977b-6d24-459c-aaa8-49c2a01f0766.png,事件,,1,,,,,,,,,,,,,,,,,行动：选择一名英雄，该英雄获得+2【意志力】直到本阶段结束。然后，如果你的威胁等级小于或等于20，并且这是你本回合第一次打出苏醒的勇气，则将本卡牌返回你的手牌，代替弃除。,任务,,,,,,,
塔巴德的麻烦,62,精神,命运选择,命运选择,0d0b210e-995a-4ded-b7b0-d32b59dbaa4f.png,事件,,0,,,,,,,,,,,,,,,,,响应：在你的威胁等级因遭遇牌效果而上升后，你的威胁等级下降等量的数值。,,,,,,,,
塔巴德的麻烦,63,学识,加拉兹吟游诗人,凯兰崔姆乐手,bd81ff6a-9c8f-415e-85fb-da84c21ef2a4.png,盟友,,2,,1,0,0,1,,西尔凡精灵.吟游诗人.,,,,,,,,,西尔凡精灵,响应：在凯兰崔姆乐手进场后，从你的牌组顶端的五张卡牌中搜寻一张事件牌，并将其加入你的手牌。将其他的卡牌洗回你的牌组。,,,,,,,,
塔巴德的麻烦,64,学识,兰巴斯,兰巴斯,f86ea37a-d70d-4ff2-ac36-2a0ff1f7ffa9.png,附属,,1,,,,,,,物品.,,,,,,,,,,"如果你控制一名诺多精灵或西尔凡精灵英雄，才能打出。
附属到一名英雄上。
行动：弃除兰巴斯，以重置所附属的英雄并为其治疗3点伤害。",,,,,,,,
塔巴德的麻烦,65,中立,耐斯防御者,林心守卫,b91ba94d-e6b9-41f6-89ed-df1fb1f22335.png,盟友,,3,,0,1,2,2,,西尔凡精灵.战士.,√,,,,,,,,西尔凡精灵,"警戒.
响应：在一名你控制的西尔凡精灵离场后，重置林心守卫。",,,,,,,,
天鹅沼泽,84,战术,玛布隆,马伯龙,9e3a4b3b-7bb7-4403-984c-411af5ec8467.png,英雄,*,,10,2,2,2,4,,刚铎.游侠.,,,,,,,,,刚铎,响应：在你与一个敌军交锋后，增加1枚资源标记到马伯龙的资源池中。（每个阶段限制1次）,,,,,,,,
天鹅沼泽,85,领导,跟我来！,跟我来！,b86c3959-86af-4ce4-927f-769b873e4774.png,事件,,1,,,,,,,,,,,,,,,,,行动：获得起始玩家标记的控制权，并补一张卡牌。,,,,,,,,
天鹅沼泽,86,领导,勒紧裤带,勒紧我们的裤带,e1ff74ae-0c48-4f6c-86c8-9ac7339eb554.png,事件,,0,,,,,,,,,,,,,,,,,恢复行动：选择一位玩家。该玩家控制的每名本回合未花费任何资源的英雄获得1枚资源标记。每回合所有玩家共计仅能打出一张勒紧我们的裤带。,,多人,,,,,,
天鹅沼泽,87,战术,加拉松弓手,加拉顿弓箭手,39775f69-5cf4-4133-9cf4-45a1522aa9ea.png,盟友,,2,,0,2,0,1,,西尔凡精灵.战士.,,√,,,,,,,西尔凡精灵,"远攻.
响应：在加拉顿弓箭手进场后，对一个未与你交锋的敌军造成1点伤害。",,多人,,,,,,
天鹅沼泽,88,战术,加拉兹弓,凯兰崔姆之弓,12d436ac-15e6-47c5-8288-357c918071a7.png,附属,,1,,,,,,,"物品.
武器.",,,√,,,,,,,"限制.
附属到一名具有“远攻”关键词的西尔凡精灵角色上。
所附属的角色获得+1【攻击力】。（如果攻击一个未与你交锋的敌军，则以+2【攻击力】代替。）",,多人,,,,,,
天鹅沼泽,89,精神,凯尔都因河旅人,赛尔督因河旅者,c541b65a-d6d4-4b2c-8925-96c31d52aa1c.png,盟友,,3,,2,0,1,2,,谷地.斥候.,,,,√,,,,,谷地,"隐匿 2.
响应：在赛尔督因河旅者进场后，查看遭遇牌组顶端的一张卡牌。如果是地区牌，你可以将其弃除。",,,,,,,,
天鹅沼泽,90,精神,险域中的孤岛,险域中的孤岛,26a52bdc-f8e4-40a3-8047-8d696b842cdf.png,事件,,0,,,,,,,,,,,,,,,,,行动：将你控制的一名西尔凡精灵盟友返回你的手牌，以使你的威胁等级下降X点。X等于返回你手牌的盟友的印刷费用。,,,,,,,,
天鹅沼泽,91,学识,黑森林拓荒者,幽暗密林拓荒者,c75056aa-907b-40b8-a54a-18ea07b33dc3.png,盟友,,2,,1,0,0,2,,樵夫.,,,,,,,,,,当你从你的手牌中打出幽暗密林拓荒者时，你可以给予其“厄运 1”。如果你如此做，其获得：“响应：在你打出幽暗密林拓荒者后，选择场景区中的一张卡牌。所选择的卡牌不计算其【威胁值】，直到本回合结束。”,,,,,,,,
天鹅沼泽,92,学识,飞毛腿,疾风之足,17cb8a9a-6369-4ea9-a614-02908bd7b77f.png,附属,*,1,,,,,,,头衔.,,,,,,,,,,"附属到一名游侠英雄上。
响应：在指派所附属英雄执行任务后，指定敌军、地区或阴谋。如果有一张被指定的卡牌在本阶段中被展示，横置疾风之足以重置所附属英雄。",,,,,,,,
天鹅沼泽,93,中立,西方守护者,西方守护者,a1f5a577-30bf-44ed-b60b-e733b5f26d55.png,附属,*,1,,,,,,,头衔.,,,,,,,,,,"附属到一名在场的非目标的独有盟友上。
起始玩家获得所附属盟友的控制权。
对你造成的无人防御的伤害可以分配到所附属盟友上。",,多人,,,,,,
凯勒布理鹏的秘密,112,精神,凯兰崔尔,加拉德瑞尔,8d6a15a8-e363-46bb-8e49-0af45a1ea0d1.png,英雄,*,,9,4,0,0,4,,诺多精灵. 贵族.,,,,,,,,,诺多精灵,"凯兰崔尔不能执行任务，攻击或防御。你控制的盟友，在其进场的回合指派其执行任务时无须横置。
行动：横置凯兰崔尔，以选择一位玩家。该玩家的威胁等级下降1点，并补一张卡牌。（每个回合限制1次）",,,,,,,,
凯勒布理鹏的秘密,113,领导,马迪尔的后裔,马迪尔的后裔,83842580-bfe9-4d56-addf-e1d290eb7bcf.png,附属,*,1,,,,,,,头衔.,,,,,,,,,,"附属到一名贵族英雄上。
响应：在所附属英雄因卡牌效果获得任意数量资源标记后，横置马迪尔的后裔，以重置所附属英雄。",,,,,,,,
凯勒布理鹏的秘密,114,领导,欧洛芬,欧洛芬,9220dbae-e7fc-43fc-b772-043af7d4bda1.png,盟友,*,3,,2,2,0,2,,西尔凡精灵.斥候.,,√,,,,,,,西尔凡精灵,"远攻.
响应：在欧洛芬进场后，将一名西尔凡精灵盟友从你的弃牌堆返回你的手牌。",,,,,,,,
凯勒布理鹏的秘密,115,战术,汉那斯安南守卫,汉那斯安南守卫,05577e9f-477b-4842-8491-32c748c1a0e4.png,盟友,,3,,0,2,2,2,,刚铎.战士.,,,,,,,,,刚铎,当你从你的手牌中打出汉那斯安南守卫时，你可以给予其“厄运 1”。如果你如此做，其获得：“响应：在你打出汉那斯安南守卫后，选择一名角色，该角色获得+2【防御力】并获得‘警戒’，直到本回合结束。”,,,,,,,,
凯勒布理鹏的秘密,116,战术,洛希尔人冲锋,洛汗冲锋,4fb48ed9-1651-4ae7-83d1-9d76a1dc27e7.jpg,事件,,2,,,,,,,,,,,,,,,,,行动：每名具有坐骑附属的洛汗角色获得+3【攻击力】，直到本阶段结束。,,多人,,,,,,
凯勒布理鹏的秘密,117,精神,加拉德瑞尔的侍女,凯兰崔尔的侍女,ff3794e8-d8b1-48dc-a9f8-97ea7d6b3874.png,盟友,,2,,2,0,1,1,,西尔凡精灵.,,,,,,,,,西尔凡精灵,响应：在凯兰崔尔的侍女进场后，选择一位玩家。该玩家的威胁等级下降1点。,,多人,,,,,,
凯勒布理鹏的秘密,118,精神,加拉德瑞尔的水镜,凯兰崔尔之镜,6e97a705-2458-4aa1-ad90-f3cd8200ca5a.png,附属,*,1,,,,,,,宝物.物品.,,,,,,,,,,"附属到凯兰崔尔上。
行动：横置凯兰崔尔之镜，从你的牌组顶端的十张卡牌中搜寻一张卡牌并将其加入你的手牌。将其余卡牌洗回你的牌组。然后，从你的手牌中随机弃除一张卡牌。",,,,,,,,
凯勒布理鹏的秘密,119,学识,游荡的恩特,游荡的树人,496b62d9-2e7c-4206-bae5-2b180fec84d1.png,盟友,,2,,2,2,2,2,,树人.,,,,,,,,,树人,"不受限制附属。
横置进场。",,,,,,,,
凯勒布理鹏的秘密,120,学识,罗瑞安斗篷,罗瑞安斗篷,f40cc90c-02df-464b-a401-6640aa93e2f8.png,附属,,1,,,,,,,物品.,,,,,,,,,,"附属到一名诺多精灵或西尔凡精灵角色上。
每名角色限制一张。
所附属角色获得+1【防御力】。（如果激活的地区具有森林属性，则以+2【防御力】代替。）",,,,,,,,
凯勒布理鹏的秘密,121,中立,南雅,南雅,17ed9b53-19f5-4ad1-ab91-14c2859e5a60.png,附属,*,1,,,,,,,宝物.戒指.,,,,,,,,,,"附属到凯兰崔尔上。
她获得【学识】资源符号。
任务行动：横置南雅和凯兰崔尔，以将她的【意志力】增加到另一名角色的【意志力】上，直到本阶段结束。",任务,,,,,,,
鹿角王冠,137,领导,埃肯布兰德,鄂肯布兰德,f2a282eb-eab1-472d-b7fb-71429a1a4855.png,英雄,*,,10,1,2,3,4,,"洛汗.
战士.",√,,,,,,,,洛汗,"警戒.
当鄂肯布兰德防御时，他获得：“响应：对鄂肯布兰德造成1点伤害以取消一个刚触发的暗影效果。”",防御,多人,,,,,,
鹿角王冠,138,领导,海尔姆深谷看守者,圣盔谷看守者,f64befcc-d4de-47a4-8517-5f2617984270.png,盟友,,3,,0,1,3,2,,"洛汗.
战士.",√,,,,,,,,洛汗,警戒.,防御,,,,,,,
鹿角王冠,139,领导,迎接晨光,迎接晨光,5d1c8757-7409-41da-9e12-454af06e8946.png,附属,*,1,,,,,,,歌谣.,,,,,,,,,,"附属到一名具有警戒关键词的英雄上。
响应：在所附属英雄防御一次攻击并且未受到战斗伤害后，横置迎接晨光以增加一枚资源标记到所附属英雄的资源池中。",,,,,,,,
鹿角王冠,140,战术,刚铎的统帅,刚铎的将军,29b76593-0ef3-410b-aa85-1c282d4b1582.png,附属,*,1,,,,,,,头衔.,,,,,,,,,,"附属到一名战士英雄上。
响应：在你主动交锋一个敌军后，横置刚铎的将军以使所附属英雄获得+1【攻击力】和+1【防御力】直到本回合结束。",,,,,,,,
鹿角王冠,141,战术,激愤的恩特,激愤的树人,665b16ad-accf-45c9-8725-f3f5d0818310.png,盟友,,2,,0,2,2,3,,树人.,,,,,,,,,树人,"不受限制附属.
以横置形式进场。
你每控制一名受伤的树人角色，激愤的树人获得+1【攻击】。",,,,,,,,
鹿角王冠,142,精神,冲倒他们,冲倒他们,6461b502-cb47-4528-b18a-db45988f1692.png,事件,,2,,,,,,,,,,,,,,,,,任务行动：选择在场景区的一个非独有敌军。直到本阶段结束，因任务成功而将被放置到任务上的进度标记将会改为对选择的敌军分配相应的伤害以代替。（进度标记依然会首先放置到任务激活地区上。）,,,,,,,,
鹿角王冠,143,精神,魔影退散,魔影让道,7c7912dc-4d55-4c40-98a0-befbbff24c90.png,事件,,3,,,,,,,,,,,,,,,,,"你必须使用来自三名不同英雄的资源池中的资源标记以支付本卡牌。
行动：从在场敌军身上弃除每张暗影牌。",,多人,,,,,,
鹿角王冠,144,学识,不要仓促行事！,不要仓促行事！,31406925-1626-4c17-b3ee-2e2700a99c14.png,事件,,0,,,,,,,,,,,,,,,,,响应：在一张遭遇牌展示但在结算上面任何的关键词或“展示后”效果前，选择一名参与任务的角色。重置该角色并将其从任务中移除。,,,,,,,,
鹿角王冠,145,学识,宁洛德尔河之水,宁若戴尔河之水,79cb32f4-053c-47e1-983d-59d64b493a76.png,事件,,3,,,,,,,,,,,,√,,,,,"厄运 3.
行动：治疗在场的每名角色身上的所有伤害。",,多人,,,,,,
鹿角王冠,146,中立,树须,树胡,c266126d-cf2d-4a61-aac7-28bac2d1ea0d.png,盟友,*,4,,2,4,3,5,,树人.,,,,,,,,,树人,"不受限制附属。
树胡以横置形式进场并在每个资源阶段收集一枚资源标记。这些资源可以被用于从你手中打出树人卡牌。
行动：从树胡的资源池中支付两枚资源标记以重置一名树人角色。",,,,,,,,
失落的王国,1,战术,阿拉贡,亚拉冈,09ebd71c-8286-4838-b661-36a8633c9f0c.jpg,英雄,*,,12,2,3,2,5,,登丹人.游侠.战士.,,,,,,,,,登丹人,"每个与你交锋的敌军获得-1【防御力】。
响应：当亚拉冈参与战斗并消灭敌军后，选择一个未与你交锋的敌军并交锋该敌军。",攻击,多人,,,,,,
失落的王国,2,领导,哈尔巴拉德,贺尔巴拉,52b151e9-f13b-4f85-961c-62838d25b97a.jpg,英雄,*,,10,2,2,2,4,,登丹人.游侠.,,,,,,,,,登丹人,"当你与一个敌军交锋时，贺尔巴拉执行任务无需横置。
在交锋阶段你可以额外主动交锋一个敌军。",,,,,,,,
失落的王国,3,领导,风云丘陵看守者,风云丘守望者,b313de3d-897e-4e74-afc5-d31fceaa6162.jpg,盟友,,2,,1,1,0,2,,登丹人.,,,,,,,,,登丹人,响应：在风云丘守望者进场后，从你的牌组顶端五张卡牌中搜寻一张记号卡牌并加入手牌。将余下的卡牌洗回你的牌组。,,,,,,,,
失落的王国,4,战术,杜内丹猎人,登丹人猎手,d15c0cc8-19c0-49d8-915f-c423e993c03b.jpg,盟友,,0,,1,3,1,3,,登丹人.游侠.,,,,,,,,,登丹人,强制：在登丹人猎手进场后，从遭遇牌顶端5张卡牌中搜寻一个非独有敌军并放置进场与你交锋。如果没有敌军因本效果进场，弃除登丹人猎手。将遭遇牌组洗牌。,,,,,,,,
失落的王国,5,学识,萨恩渡口哨兵,萨恩渡口哨兵,2c6e85b4-18e3-4c21-95eb-5d74b9eebb5b.jpg,盟友,,3,,2,1,0,2,,登丹人. 斥候.,,,,,,,,,登丹人,响应：在萨恩渡口哨兵进场后，你每与一个敌军交锋就补一张卡牌。,,,,,,,,
失落的王国,6,精神,安努米那斯守护者,阿努米那斯守卫,a933917f-4c7e-416e-8b08-ee2e60f6ab5f.jpg,盟友,,4,,0,2,2,3,,登丹人.游侠.,,,,,,,,,登丹人,每有一个与你交锋的敌军，阿努米那斯守卫获得+1【防御力】。,,,,,,,,
失落的王国,7,领导,召唤游民,召唤游侠,687c526e-85b5-47e3-b596-37148772c013.jpg,事件,,1,,,,,,,记号.,,,,,,,,,,"如果你控制一名登丹人英雄，才能打出。
计划行动：将你的一张放置在一旁的北方的游侠盟友牌洗入遭遇牌组。然后，将召唤游侠移出游戏。",,多人,,,,,,
失落的王国,8,战术,不倦的猎手,不倦的猎手,cda0276f-d412-47f6-aecf-02ae8dc64c9a.jpg,事件,,1,,,,,,,,,,,,,,,,,"只能在结算敌军攻击步骤前打出。
战斗行动：选择一个未与你交锋的敌军。与该敌军交锋。然后，如可能，从该敌军上弃除一张暗影牌。",,,,,,,,
失落的王国,9,学识,职业追踪者,职业追踪者,86583668-7581-4bca-ba10-a4752878740e.jpg,事件,,0,,,,,,,,,,,,,,,,,响应：在你与一个敌军交锋后，横置一名斥候或游侠角色以放置X枚进度标记到一个地区上，X等于所交锋敌军的印刷【威胁值】。,,,,,,,,
失落的王国,10,领导,维蓝迪尔的后裔,瓦兰迪尔的子嗣,8b9da56f-6713-457f-8f73-6fdc8168348f.jpg,附属,*,2,,,,,,,头衔.,,,,,,,,,,"附属到一名登丹人英雄上。
计划行动：横置瓦兰迪尔的子嗣以降低你本回合打出的下一张登丹人盟友费用X点，X等于与你交锋的敌军数量。",,多人,,,,,,
失落的王国,11,学识,阿塞拉斯,阿夕拉斯,7b1fb1e7-481d-4a14-85b1-d5d2c60087b6.jpg,附属,,1,,,,,,,物品.,,,,,,,,,,"附属到一名登丹人或医者角色上。
行动：弃除阿夕拉斯并横置所附属的角色以治疗一名角色上的所有伤害。你可以从该角色上弃除一张状态附属牌。",任务,,,,,,,
失落的王国,12,战术,秘密监视,秘密监视,7a8a2dbe-5a97-42da-a3c9-283724783145.jpg,附属,,1,,,,,,,状态.,,,,,,,,,,"附属到一个敌军上。每个敌军限制一张。
所附属的敌军获得-1【威胁值】。
响应：当所附属的敌军被消灭后，降低每位玩家等同于该敌军印刷【威胁值】数值的威胁等级。",,多人,,,,,,
失落的王国,13,精神,星形别针,星形领针,130df5c3-a050-4690-8dac-d1ae937a2e3c.jpg,附属,,1,,,,,,,物品.,,,,,,,,,,"附属到一名登丹人或诺多精灵英雄。每名英雄限制一张。
当你与一个敌军交锋时，所附属的英雄获得+1【意志力】并且其【意志力】不会被降低。",,多人,,,,,,
失落的王国,14,中立,收集信息,收集信息,128f940d-8a71-4a80-83c2-bdbc014d95c9.jpg,任务,,0,,,,,,4,,,,,,,,,,,"每套牌组限制一张。
响应：当本场景被通过时，每位玩家可以从他的牌组搜寻一张卡牌并加入其手牌。每位玩家将其牌组洗牌。",,,,,,,,
失落的王国,15,中立,北方的游民,北方的游侠,156ed210-ab6e-4da9-b8c0-48984711edf2.jpg,盟友,,-,,2,2,2,3,,登丹人.游侠.,√,√,,,,√,,,登丹人,"遭遇.涌现.远攻.警戒.
展示后：起始玩家选择一位玩家获得北方的游侠的控制权。然后，对一个敌军造成2点伤害或放置两枚进度标记到一个地区上。",,多人,,,,,,
伊利雅德荒原,1,精神,梅里,梅里,03a7152b-e6af-4aaf-a064-7e814fc181d5.jpg,英雄,*,,6,2,1,1,2,,哈比人.,,,,,,,,,哈比人,响应：在一个敌军从遭遇牌组顶端展示后，横置梅里以降低等同于该敌军【威胁值】的威胁等级。,,多人,,,,,,
伊利雅德荒原,2,领导,英戈尔德,印哥,1e28318c-e82a-4d50-b6db-d08e6e9a6b53.jpg,盟友,*,3,,0,1,1,3,,刚铎.,,,,,,,,,刚铎,你每控制一名资源池中具有至少1枚资源标志的英雄，印哥获得+1【意志力】。,任务,,,,,,,
伊利雅德荒原,3,领导,集结号,集结号,1c6d209d-8ff3-4b81-a03f-e81e132e3b5e.jpg,事件,,2,,,,,,,,,,,,,,,,,"响应：当一名盟友离场后，将其加入其拥有者的手牌以代替将其放置到弃牌堆。
英勇行动：直到本阶段结束，将每张离场的盟友加入其拥有者的手牌以代替将其放置进弃牌堆。",,多人,,,,,,
伊利雅德荒原,4,战术,荣誉禁卫,荣誉守卫,7a8f5eb3-4c89-4516-974b-812b589cb818.jpg,盟友,,2,,0,0,1,3,,刚铎.战士.,,,,,,,,,刚铎,"响应：横置荣誉守卫以取消刚刚分配给一名角色的1点伤害。
英勇响应：横置并弃除荣誉守卫以取消刚刚分配给一名角色的最多5点伤害。",,,,,,,,
伊利雅德荒原,5,战术,鸦翼头盔,鸦翼头盔,62dd5a22-ccf4-4612-be1f-ea13d7da3ced.jpg,附属,,2,,,,,,,物品.防具.,,,,,,,,,,"附属到一名具有警戒关键词的英雄上。每名英雄限制一张。
响应：横置鸦翼头盔以取消刚刚分配到所附属角色上的1点伤害。",,,,,,,,
伊利雅德荒原,6,精神,好奇的白兰地鹿,好奇的烈酒鹿,c52c00b2-ab39-4ffa-898d-ab9c8246bd00.jpg,盟友,,2,,2,0,0,2,,哈比人.,,,,,,,,,哈比人,"强制：当激活地区探索完毕后，将好奇的烈酒鹿放回其拥有者的牌组底。
响应：在你探索到一个地区后，将好奇的烈酒鹿从你的手牌放置进场，交由任一玩家控制。",,多人,,,,,,
伊利雅德荒原,7,精神,霍比特人小马,哈比人小马,ebcb133a-1777-49cf-a7d4-137a65b2c2d5.jpg,附属,,0,,,,,,,坐骑.,,,√,,,,,,,"限制.
附属到一名哈比人英雄上。
任务行动：如果所附属的英雄未指派执行任务，横置哈比人小马与所附属的英雄以指派所附属的英雄执行任务。",任务,,,,,,,
伊利雅德荒原,8,学识,东大道游民,东大道游侠,8b95d0c6-eda4-4820-8279-6bdddae7b499.jpg,盟友,,3,,1,2,1,3,,登丹人. 斥候.,,,,,,,,,登丹人,当指派参加分支任务时，东大道游侠获得+2【意志力】。,任务,,,,,,,
伊利雅德荒原,9,学识,斥候在前,斥候在前,f8a3acfb-3b0d-414b-b5d0-2612d33c193d.jpg,任务,,0,,,,,,4,,,,,,,,,,,"每套牌组限制一张。
响应：当通过本场景时，起始玩家从遭遇牌组顶端的X张卡牌中搜寻一张非目标的没有胜利点的卡牌并加入胜利点计数区。将其余卡牌以任意顺序放回牌组顶端。X等于游戏中的玩家数量加4。",,,,,,,,
伊利雅德荒原,10,中立,卡多蓝游民,卡多兰游侠,cc73532b-e891-49b6-9544-468b5977149a.jpg,盟友,,4,,2,2,2,3,,登丹人.游侠.,,,,,,,,,登丹人,响应：在你与一个敌军交锋后，如果你控制至少一名登丹人英雄，花费1枚资源标记以将卡多兰游侠从你的手牌放置进场由你控制。在本回合结束时，如果卡多兰游侠依然在场，将其洗回其控制者的牌组。,,,,,,,,
逃离格兰山,28,学识,罗塞尔,罗塞尔,18fea279-cd38-4a5e-b271-b94d4f64eda1.jpg,英雄,*,,8,2,1,2,3,,西尔凡精灵.,,,,,,,,,西尔凡精灵,"如果激活地区与胜利点计数区中的一个地区具有相同属性，罗塞尔获得+2【意志力】。
如果攻击敌军与胜利点计数区中的一个敌军具有相同属性，罗塞尔获得+2【防御力】。",,,,,,,,
逃离格兰山,29,领导,欧斯吉利亚斯老兵,奥斯吉力亚斯老兵,0484e428-6a72-4841-b2d5-d8df7cfb51bf.jpg,盟友,,3,,1,2,1,2,,刚铎.战士.,,,,,,,,,刚铎,如果你威胁等级为40或更高，奥斯吉力亚斯老兵获得+1【意志力】，+1【攻击力】和+1【防御力】。,,,,,,,,
逃离格兰山,30,领导,列王的后嗣,国王的后代,25641d97-e196-40d5-8481-727602aa2da2.jpg,事件,,1,,,,,,,,,,,,,,,,,行动：重置X名你控制的登丹人角色。X等于与你交锋的敌军数量。,,单人,,,,,,
逃离格兰山,31,战术,秘林谷战士,德丁哥战士,e562d744-bf7d-4325-97ba-424bf3ca3ca8.jpg,盟友,,2,,1,1,2,3,,树人.战士.,√,,,,,,,,树人,"警戒.
不受限制附属。
横置进场。
当德丁哥战士防御时，其获得：“行动：对德丁哥战士造成1点伤害以使其在本次攻击中获得+3【防御力】。”（每次攻击限制一次。）",防御,,,,,,,
逃离格兰山,32,战术,怒吼狂呼,咆哮大吼,f4b2af17-b589-49c1-a884-ecd4570d8545.jpg,事件,,1,,,,,,,树人.,,,,,,,,,树人,响应：在一名树人角色受到任意数量伤害后，重置该角色。该角色获得+3【攻击力】直到本阶段结束。,攻击,,,,,,,
逃离格兰山,33,精神,精灵宝石匠,精灵宝石匠,9c42d496-267e-4822-8df4-6fcc7ae4c2d1.jpg,盟友,,2,,1,1,1,2,,诺多精灵.工匠.,,,,,,,,,诺多精灵,行动：从你的手牌弃除两张卡牌以将精灵珠宝匠从你的手牌放置进场由你控制。,,,,,,,,
逃离格兰山,34,精神,原路返回,原路返回,f4d94f3d-d3af-44d6-9896-764484302bb1.jpg,任务,,0,,,,,,4,,,,,,,,,,,"每套牌组限制一张。
响应：当通过本场景时，降低每位玩家5点威胁等级。",,多人,,,,,,
逃离格兰山,35,学识,来去无踪,来去无踪,57658f13-fb9c-4a87-bb05-965a022cc69d.jpg,事件,,1,,,,,,,,,,,,,,,,,"胜利点计数区中限制三张来去无踪。
响应：在一个非独有地区探索完毕后，将来去无踪加入胜利点计数区以将该地区加入胜利点计数区。",,,,,,,,
逃离格兰山,36,学识,遥远的星辰,遥远的星辰,3ba15db9-9967-48b8-9b38-4fdfb4866676.jpg,事件,,0,,,,,,,,,,,,,,,,,行动：横置一名游侠或斥候角色以弃除一个非独有激活地区。然后，从遭遇牌组和遭遇弃牌堆搜寻一个非独有地区并使其成为激活地区。将遭遇牌组洗牌。,,,,,,,,
逃离格兰山,37,中立,目光如炬,目光如炬,ede00b4b-15e0-4469-aaf6-ea60c9376898.jpg,事件,,5,,,,,,,,,,,,,,,,,"你的胜利点计数区每有一张没有胜利点的卡牌，目光如炬的打出费用降低1点。
行动：将目光如炬加入胜利点计数区。然后，选择其一：增加2枚资源标记到一名英雄的资源池中，补三张卡牌，或降低你4点威胁等级。",,多人,,,,,,
横穿伊顿荒原,54,战术,多瑞,朵力,a25c47a4-3a9c-4883-a7a7-c40df596650c.jpg,英雄,*,,10,1,2,2,5,,矮人.,√,,,,,,,,矮人,"警戒.
响应：在另一个英雄被宣告为防御者后，横置朵力以在本次攻击中将他的【防御力】加到防御英雄的【防御力】上。",防御,,,,,,,
横穿伊顿荒原,55,领导,游民的补给,游侠的储备,265b6ab0-446c-4090-a7e1-341ce987c903.jpg,附属,,1,,,,,,,物品.,,,,,,,,,,"附属到一个地区上。每个地区限制一张。
响应：在所附属的地区探索完毕后，起始玩家增加1枚资源标记到他每名英雄的资源池中。",,多人,,,,,,
横穿伊顿荒原,56,领导,杜内丹人的口信,登丹人的信息,d54a293d-7e36-4dab-98e9-71fa23df2355.jpg,事件,,1,,,,,,,信号.,,,,,,,,,,行动：从你的牌组中搜寻一张支线任务牌并加入手牌。将你的牌组洗牌。,,,,,,,,
横穿伊顿荒原,57,战术,长须哨兵,长须警卫,54b219c4-a359-435f-9988-336cad0384b2.jpg,盟友,,3,,0,1,2,3,,矮人.战士.,,,,,,,,,矮人,行动：从你的牌组顶端弃除两张卡牌以使长须警卫获得警戒和+1【防御力】直到本阶段结束。（每阶段限制1次。）,,多人,,,,,,
横穿伊顿荒原,58,战术,拖延敌人,拖延敌军,b11ff1d9-c9e9-4cc1-b329-8226b73dd429.jpg,任务,,0,,,,,,8,,,,,,,,,,,"每套牌组限制一张。
奋战（在任务中，角色使用他们的【攻击力】代替【意志力】。）
响应：在通过本场景后，每位玩家可以选择并弃除一个与他交锋的非独有敌军。",,,,,,,,
横穿伊顿荒原,59,精神,伊姆拉缀斯骏马,伊姆拉崔骏马,8741c7a7-be7d-462a-b39a-0c9bfe4042a3.jpg,附属,,1,,,,,,,坐骑.,,,√,,,,,,,"限制.
附属到一名【精神】或诺多精灵英雄上。
响应：在指派所附属的英雄执行任务后，从你的手牌弃除一张卡牌以放置2枚进度标记到激活地区上。",,,,,,,,
横穿伊顿荒原,60,精神,美丽又危险,美丽并且危险,475d185f-403f-4b3e-9e8b-6b9f539c2423.jpg,事件,,1,,,,,,,,,,,,,,,,,行动：选择一名诺多精灵或西尔凡精灵角色。直到本阶段结束，将该角色的【意志力】加到其【攻击力】上。,,,,,,,,
横穿伊顿荒原,61,学识,涌泉厅维护者,威灵厅保护者,68a9d6cc-13a2-417a-ad87-f213ddc2bf48.jpg,盟友,,3,,3,2,2,3,,树人.,,,,,,,,,树人,"不受限制附属。
横置进场。
响应：在威灵厅保护者重置后，从一名树人角色上治疗1点伤害。",,,,,,,,
横穿伊顿荒原,62,学识,有来无回,有来无回,6cf22f3e-29bd-4bbb-8459-92b7b4bc6b02.jpg,事件,,1,,,,,,,,,,,,,,,,,"胜利点计数区中限制三张有来无回。
响应：在一个非独有敌军被消灭后，将有来无回加入胜利点计数区以将该敌军加入胜利点计数区。",,,,,,,,
横穿伊顿荒原,63,中立,重燃希望,重燃希望,809470ac-05c2-4578-9556-8c64b84d4619.jpg,事件,,0,,,,,,,歌谣.,,,,,,,,,,"行动：你本阶段打出的下一张具有英勇效果的事件牌费用减2。
英勇行动：从你的牌组顶端十张卡牌中搜寻一张具有英勇效果的事件牌并加入你的牌组。将你的牌组洗牌。",,,,,,,,
鲁道尔的阴谋,84,学识,埃瑞斯托,伊瑞斯特,b188f729-0314-4664-95a0-7f93f4d44133.jpg,英雄,*,,10,2,2,2,4,,诺多精灵.,,,,,,,,,诺多精灵,"在资源开始时额外补三张卡牌。
在回合结束时，弃除你所有手牌。",,,,,,,,
鲁道尔的阴谋,85,领导,增援,增援,b9339072-5665-45c7-a2ca-a8c844c5762d.jpg,事件,,3,,,,,,,,,,,,,,,,,"你必须使用来自三名不同英雄的资源池中的资源，以支付本卡牌。
行动：所有玩家作为一组，可以从他们的手牌中放置最多两名盟友进场。每名因此进场的盟友可以交由任一玩家控制。在本阶段结束时，将这些盟友中依然在场的返回其拥有者的手牌。",,,,,,,,
鲁道尔的阴谋,86,领导,请求援助,请求援助,ad0cbc82-6807-4a5a-ada8-97952cb02c5f.jpg,任务,,1,,,,,,6,,,,,,,,,,,"每套牌组限制一张。
响应：当通过本场景时，每位玩家可以从他的牌组顶端十张卡牌中搜寻一名盟友放置进场并由他控制。每位如此做的玩家将他的牌组洗牌。",,,,,,,,
鲁道尔的阴谋,87,战术,精灵长矛,精灵长枪,6ba569dd-92d4-4de4-bfa4-385e2d50eddb.jpg,附属,,0,,,,,,,"物品.
武器.",,,√,,,,,,,"限制.
附属到一名诺多精灵或西尔凡精灵英雄上。
行动：从你的手牌弃除一张卡牌以使所附属的英雄获得+1【攻击力】直到本阶段结束。每个阶段限制3次。",,,,,,,,
鲁道尔的阴谋,88,战术,震耳的号角声,震耳的号角声,7d906063-149f-4b7d-b271-e1532afea7c0.jpg,事件,,2,,,,,,,,,,,,,,,,,"行动：所有敌军获得-1【攻击力】直到本阶段结束。
英勇行动：选择一位玩家。每个与该玩家交锋的敌军获得-3【攻击力】直到本阶段结束。",,,,,,,,
鲁道尔的阴谋,89,精神,加拉兹编织者,凯兰崔姆织女,5ababdc3-8d6c-47ad-aa1a-d21f5c96bbda.jpg,盟友,,1,,1,0,0,1,,西尔凡精灵.工匠.,,,,,,,,,西尔凡精灵,"不能攻击或防御。
响应：在凯兰崔姆织女进场后，将你弃牌堆顶端的卡牌洗回你的牌组。",,,,,,,,
鲁道尔的阴谋,90,精神,银色的竖琴,银竖琴,41b56fc4-6ecd-4c9a-80d4-3074c267e823.jpg,附属,,2,,,,,,,物品.乐器.,,,√,,,,,,,"限制.
附属到一名【精神】英雄上。
响应：当一张卡牌从你的手牌被弃除后，横置银竖琴以将该卡牌返回你的手牌。",,,,,,,,
鲁道尔的阴谋,91,学识,灰港的加尔多,海港的加尔多,608ac037-89dd-4aac-8b6d-057bd0fa7507.jpg,盟友,*,4,,2,2,1,4,,诺多精灵.,,,,,,,,,诺多精灵,响应：当一张或更多卡牌从你的手牌中弃除后，补一张卡牌。每回合限制1次。,,,,,,,,
鲁道尔的阴谋,92,学识,休想得逞！,门户依然关闭！,f9f464e9-188c-42aa-bbea-b325a6d0f16d.jpg,事件,,1,,,,,,,,,,,,,,,,,响应：在一张遭遇牌从遭遇牌组展示后，如果其具有和胜利点计数区一张卡牌相同名称，取消其效果并弃除它。,,,,,,,,
鲁道尔的阴谋,93,中立,精灵之友,精灵之友,38ed7520-8749-47ab-b3b4-34ec96441475.jpg,附属,,1,,,,,,,头衔.,,,,,,,,,,"附属到一名角色上。
所附属的角色获得诺多精灵和西尔凡精灵属性。",,,,,,,,
卡恩督之战,115,领导,阿玛希乌,阿玛希尔,94726dff-4b95-4c7c-9542-320b45652d7a.jpg,英雄,*,,10,1,3,3,3,,登丹人.游侠.战士.,,,,,,,,,登丹人,"当你与至少一个敌军交锋时，阿玛希尔获得【战术】资源符号。
当你与至少两个敌军交锋时，在资源阶段收集资源时额外增加1枚资源标记到阿玛希尔的资源池中。",,,,,,,,
卡恩督之战,116,领导,阿尔诺守卫,亚尔诺守护者,0f2501c7-16ad-4fee-bea6-17b767fb0d14.jpg,盟友,,3,,1,1,1,3,,登丹人.游侠.,√,,,,,,,,登丹人,"警戒.
每有一个与你交锋的敌军，亚尔诺守护者获得+1【防御力】。",,,,,,,,
卡恩督之战,117,领导,存亡之秋,存亡之秋,c48b1c7f-f3df-4e5c-ad63-a68efc66c02c.jpg,事件,,5,,,,,,,,,,,,,,,,,"计划行动：直到本回合结束，玩家任务失败不会上升威胁等级。
英勇计划行动：上升每位玩家2点威胁等级以跳过本回合的任务阶段。",,,,,,,,
卡恩督之战,118,战术,榉骨,柏骨,b1584166-c8b3-4984-bfdc-06c33f31e153.jpg,盟友,*,3,,2,2,1,4,,树人.,,,,,,,,,树人,"不受限制附属。
横置进场。
响应：在宣告柏骨为攻击者后，对其造成1点伤害以对防御敌军造成X点伤害。X等于柏骨上的伤害数量。",,,,,,,,
卡恩督之战,119,战术,坚守阵地！,坚守阵地！,8588e98f-1aaf-4e90-95b9-48b76c0fc4be.jpg,盟友,,1,,,,,,,,,,,,,,,,,"行动：选择并重置一名警戒角色。
英勇行动：重置所有警戒角色。",,,,,,,,
卡恩督之战,120,精神,林迪尔,林德,4bff71e7-f66c-4a2d-ba7d-633a6c77f765.jpg,盟友,*,3,,2,1,2,2,,诺多精灵.,,,,,,,,,诺多精灵,响应：在林德进场后，如果你的手牌少于三张，补到三张手牌。,,,,,,,,
卡恩督之战,121,精神,埃尔达领主,艾尔达精灵贵族,ff265d76-021b-4f23-9e62-a57e16b3e77d.jpg,事件,,3,,,,,,,,,,,,,,,,,"艾尔达精灵贵族只能从你的弃牌堆打出。
行动：将艾尔达精灵贵族从你的弃牌堆放到你的牌组底端。然后，所有诺多精灵角色获得+1【意志力】，+1【攻击力】和+1【防御力】直到本回合结束。",,,,,,,,
卡恩督之战,122,学识,长久的失败,长久的失败,0b483cda-22e0-418d-b906-8a93e94fe95d.jpg,附属,,1,,,,,,,状态.,,,,,,,,,,"附属到在场的一张任务牌上。每张任务牌限制一张。
响应：当所附属的任务牌被通过后，每位玩家补两张卡牌或治疗他所控制的角色上最多5点伤害。",,,,,,,,
卡恩督之战,123,学识,敏锐的耳朵,灵敏的听觉,fddb01e7-102e-44c8-a469-e920e76a79e0.jpg,事件,,1,,,,,,,,,,,,,,,,,响应：横置一名登丹人或游侠英雄以取消一张刚刚从遭遇牌组展示的敌军卡牌。然后，将其洗回遭遇牌组并额外展示一张遭遇牌。,,,,,,,,
卡恩督之战,124,中立,维拉的看重,主神的眷顾,c9cdf75b-7535-4d17-804f-0f22569812c7.jpg,附属,,3,,,,,,,状态.,,,,,,,,,,"附属到一名玩家的威胁指示板上。每位玩家限制一张。
强制：当你将因为达到淘汰威胁等级而淘汰时，将主神的眷顾弃除并将你的威胁等级降低到比淘汰威胁等级低5点以代替。你未被淘汰。",,,,,,,,
亡者国度,140,精神,阿尔玟·乌多米尔,亚玟·安多米尔,21f0ac18-21ea-44b7-b67b-4d1c5baaae0f.jpg,英雄,*,,9,3,1,2,3,,诺多精灵. 贵族.,,,,,,,,,诺多精灵,行动：从你的手牌中弃除一张卡牌，以增加1枚资源标记到一名诺多精灵英雄或亚拉冈的资源池中。（每回合限制1次）,,,,,,,,
亡者国度,141,领导,伊奥泰因,伊欧参,fdabde61-0341-4dae-9a9b-de9f0b955078.jpg,盟友,,4,,2,2,1,3,,"洛汗.
战士.",,,,,,,,,洛汗,响应：当一名在场的洛汗盟友被弃除后，重置伊欧参。,,,,,,,,
亡者国度,142,领导,努门诺尔剑,努曼诺尔之剑,8a6566b1-2425-442b-8e44-f8a3aa4590fe.jpg,附属,,1,,,,,,,"物品.
武器.",,,√,,,,,,,"限制.
附属到一名登丹人或刚铎英雄上，
所附属的英雄获得+1【攻击力】。
响应：在所附属的英雄参与一次攻击并消灭一个具有5或更高印刷生命值的敌军后，横置努曼诺尔之剑以增加1枚资源标记到所附属英雄的资源池中。",,,,,,,,
亡者国度,143,战术,佛诺斯特箭手,佛诺斯特弓箭手,40efacf7-f3c1-434b-b31f-42b3721c90c0.jpg,盟友,,3,,1,1,1,3,,登丹人.游侠.,,√,,,,,,,登丹人,"远攻.
每有一个与你交锋的敌军，佛诺斯特弓箭手获得+1【攻击力】。",,,,,,,,
亡者国度,144,战术,横扫千军,横扫千军,f88c0606-5076-4df7-beed-a7182af0dece.jpg,事件,,4,,,,,,,,,,,,,,,,,"行动：选择一名英雄。直到本阶段结束，所选择的英雄攻击或防御时无需横置。
英勇行动：选择一位玩家。直到本阶段结束，该玩家控制的每名英雄攻击或防御时无需横置。",,,,,,,,
亡者国度,145,精神,精灵之光,精灵的光芒,abebff49-8219-4ae0-bd26-266db57bdfc3.jpg,事件,,1,,,,,,,,,,,,,,,,,"精灵的光芒只能从你的弃牌堆打出。
行动：将精灵的光芒从你的弃牌堆返回你的手牌。然后，补一张卡牌。",,,,,,,,
亡者国度,146,精神,缇努维尔的传说,提努维尔的传说,4d71af80-33cd-4df8-b6da-c479c8a3ae74.jpg,事件,,1,,,,,,,歌谣.,,,,,,,,,,行动：横置一名诺多精灵角色以重置一名登丹人角色，或反之亦然。直到本阶段结束，将横置角色的印刷【意志力】、【攻击力】和【防御力】增加到被重置角色的【意志力】、【攻击力】和【防御力】上。,,,,,,,,
亡者国度,147,学识,加拉兹医者,凯兰崔姆医者,f9865446-f3a4-4a9f-bb1e-68565720511b.jpg,盟友,,2,,1,0,1,1,,西尔凡精灵.医者.,,,,,,,,,西尔凡精灵,响应：在凯兰崔姆进场后，选择一位玩家，从该玩家控制的每名英雄上治疗1点伤害。,,,,,,,,
亡者国度,148,学识,风吹雨淋的斗篷,破旧的衣物,2e156c1b-5227-4dfd-a076-ee9b236c86da.jpg,附属,,0,,,,,,,物品.,,,,,,,,,,"附属到一名游侠角色上。
每名角色限制一张。
当指派所附属的角色执行任务时，破旧的衣物获得：“响应：横置破旧的衣物以取消刚分配到所附属角色上的1点伤害。”",,,,,,,,
亡者国度,149,中立,佩剑侍从,佩剑侍从,59cd2c5f-1986-4065-ad2c-8423d6b200e2.jpg,附属,*,4,,,,,,,头衔.,,,,,,,,,,"附属到一名隶属于任意派系的独有盟友上。
所附属的角色失去盟友牌类型并获得英雄牌类型。",,,,,,,,
雾山奇缘,1,巴金斯,比尔博·巴金斯,比尔博·巴金斯,51223bd0-ffd1-11df-a976-1801204c9017.jpg,英雄,*,,0,1,1,1,3,,哈比人.,,,,,,,,,哈比人,"起始玩家获得比尔博·巴金斯的控制权。比尔博·巴金斯不能通过玩家的卡牌效果获得资源标记。
如果比尔博·巴金斯离场，玩家游戏失败。",,,,,,,,
雾山奇缘,2,领导,梭林·橡木盾,索林·橡木盾,51223bd0-ffd1-11df-a976-1801204c9083.jpg,英雄,*,,12,3,3,1,5,,矮人.贵族.战士.,,,,,,,,,矮人,如果你控制至少五名矮人角色，当你在资源阶段收集资源时，额外增加1枚资源标记到索林·橡木盾的资源池中。,攻击,,,,,,,
雾山奇缘,3,精神,诺瑞,诺力,51223bd0-ffd1-11df-a976-1801204c9062.jpg,英雄,*,,9,2,1,2,4,,矮人.,,,,,,,,,矮人,响应：在从你的手牌中打出一名矮人角色后，你的威胁等级下降1点。,,,,,,,,
雾山奇缘,4,学识,欧瑞,欧力,51223bd0-ffd1-11df-a976-1801204c9065.jpg,英雄,*,,8,2,2,1,3,,矮人.,,,,,,,,,矮人,如果你控制至少五名矮人角色，在资源阶段开始时额外补一张卡牌。,,,,,,,,
雾山奇缘,5,战术,贝奥恩,比翁,51223bd0-ffd1-11df-a976-1801204c9015.jpg,英雄,*,,12,0,5,1,10,,比翁一族. 战士.,√,,,,,,,,比翁一族,"警戒.不受附属.
免疫玩家的卡牌效果。
比翁防御时无须横置。",攻击,多人,,,,,,
雾山奇缘,6,领导,菲力,菲力,51223bd0-ffd1-11df-a976-1801204c9032.jpg,盟友,*,3,,1,1,1,2,,矮人.,,,,,,,,,矮人,响应：在计划阶段从你的手牌中打出菲力后，从你的牌组中搜寻奇力，将其放置进场并由你控制。然后，重洗你的牌组。,,,,,,,,
雾山奇缘,7,精神,奇力,奇力,51223bd0-ffd1-11df-a976-1801204c9055.jpg,盟友,*,3,,1,1,1,2,,矮人.,,,,,,,,,矮人,响应：在计划阶段从你的手牌中打出奇力后，从你的牌组中搜寻菲力，将其放置进场并由你控制。然后，重洗你的牌组。,,,,,,,,
雾山奇缘,8,战术,波弗,波佛,51223bd0-ffd1-11df-a976-1801204c9019.jpg,盟友,*,3,,2,2,0,3,,矮人.,,,,,,,,,矮人,行动：横置波佛，以从你牌组顶端的五张卡牌中搜寻一张武器附属。将该卡牌加入你的手牌并将其它的卡牌洗回你的牌组。,,,,,,,,
雾山奇缘,9,学识,多瑞,朵力,51223bd0-ffd1-11df-a976-1801204c9027.jpg,盟友,*,3,,1,2,1,3,,矮人.,,,,,,,,,矮人,响应：在一名英雄被分配任意数量的伤害后，横置朵力，以将该伤害放置到朵力上来代替。,,,,,,,,
雾山奇缘,10,中立,甘道夫,甘道夫,51223bd0-ffd1-11df-a976-1801204c9036.jpg,盟友,*,5,,4,4,4,4,,巫师.,,,,,,,,,巫师,"指派甘道夫执行任务时无须横置。
强制：在恢复阶段结束时，从场中弃除甘道夫。你可以上升2点你的威胁等级，以取消本效果。",任务,,,,,,,
雾山奇缘,11,领导,克拉姆,干粮,51223bd0-ffd1-11df-a976-1801204c9024.jpg,附属,,0,,,,,,,物品.,,,,,,,,,,"附属到一名英雄上。
行动：弃除干粮，以重置所附属英雄。",,,,,,,,
雾山奇缘,12,精神,备用的斗篷和兜帽,斗篷和兜帽,51223bd0-ffd1-11df-a976-1801204c9074.jpg,附属,,0,,,,,,,物品.,,,,,,,,,,"附属到一名角色上。
行动：横置斗篷和兜帽并横置所附属角色，以重置另一名角色。然后，将斗篷和兜帽附属到该角色上。",,多人,,,,,,
雾山奇缘,13,学识,瑟罗尔的地图,索尔的地图,51223bd0-ffd1-11df-a976-1801204c9084.jpg,附属,*,1,,,,,,,"宝物.
物品.",,,,,,,,,,"附属到一名英雄上。
探索行动：弃除索尔的地图，以选择一个在场景区中的地区。使该地区成为激活的地区。（如果有另一个激活的地区，将其返回场景区。）",,,,,,,,
雾山奇缘,14,领导,非常棒的故事,精彩的故事,51223bd0-ffd1-11df-a976-1801204c9011.jpg,事件,,0,,,,,,,,,,,,,,,,,行动：横置你控制的两名盟友，以将你的牌组洗牌并弃除顶端的五张卡牌。将最多两名因本效果弃除的盟友放置进场并由你控制。放置进场的盟友的总费用不能超过因支付本效果而横置的盟友的总费用。,,,,,,,,
雾山奇缘,15,战术,敌击剑,敌击剑,51223bd0-ffd1-11df-a976-1801204c9033.jpg,事件,,0,,,,,,,,,,,,,,,,,响应：在你控制的一名英雄攻击并消灭敌军后，横置附属在该英雄上的武器卡牌，以补三张卡牌。,,,,,,,,
雾山奇缘,16,战术,斩杀半兽人之剑,兽咬剑,51223bd0-ffd1-11df-a976-1801204c9043.jpg,事件,,0,,,,,,,,,,,,,,,,,战斗行动：横置附属在你控制的一名英雄上的武器卡牌，以选择一个与你交锋的敌军。对该敌军造成2点伤害。（如果该敌军是半兽人，则以3点伤害代替。）,攻击,,,,,,,
雾山奇缘,17,精神,迟来的冒险者,迟来的冒险者,51223bd0-ffd1-11df-a976-1801204c9057.jpg,事件,,0,,,,,,,,,,,,,,,,,任务行动：横置一名你控制的未指派执行任务的角色，以指派该角色执行任务。,任务,,,,,,,
雾山奇缘,18,学识,早有准备,早有准备,51223bd0-ffd1-11df-a976-1801204c9031.jpg,事件,,1,,,,,,,,,,,,,,,,,"在任务阶段中，集结步骤前打出。
行动：对本阶段从遭遇牌组中展示的第一个敌军造成2点伤害。",,,,,,,,
雾山奇缘,19,巴金斯,飞贼巴金斯,飞贼巴金斯,51223bd0-ffd1-11df-a976-1801204c9020.jpg,事件,,1,,,,,,,,,,,,,,,,,行动：比尔博·巴金斯获得+2【意志力】，+2【攻击力】和+2【防御力】直到本阶段结束。（你可以从比尔博·巴金斯的资源池中花费【巴金斯】资源标记，以打出本卡牌，即使你没有控制比尔博·巴金斯。）,攻击,,,,,,,
孤山秘境,1,巴金斯,比尔博·巴金斯,比尔博·巴金斯,4e61b160-2104-497f-9977-4b353e54fbb7.jpg,英雄,*,,0,1,1,1,3,,哈比人. 飞贼.,,,,,,,,,哈比人,"比尔博·巴金斯不计算到英雄数量的上限中，并且不能通过非财宝牌获得资源标记。起始玩家获得比尔博·巴金斯的控制权。
行动：花费1【巴金斯】资源标记，以从你的牌组中搜寻一张财宝牌并加入你的手牌。
如果比尔博·巴金斯离场，玩家游戏失败。",,,,,,,,
孤山秘境,2,领导,巴林,巴林,bf2cb5a8-2ec6-4366-89f6-7e3010686a85.jpg,英雄,*,,9,2,1,2,4,,矮人.,,,,,,,,,矮人,响应：从巴林的资源池中支付1枚资源标记，以取消一个在攻击中刚触发的暗影效果。然后，为攻击的敌军分配另一张暗影牌。（每次攻击限制1次）,,,,,,,,
孤山秘境,3,战术,神箭手巴德,神射手巴德,e2cf87be-ccdc-48e9-8127-57bee67d4a0c.jpg,英雄,*,,11,2,3,2,4,,伊斯加. 战士.,,√,,,,,,,伊斯加,"远攻.
当神射手巴德进行远攻攻击时，他所攻击的敌军获得-2【防御力】直到本阶段结束。",攻击,,,,,,,
孤山秘境,4,精神,欧音,欧音,b21a2af5-7443-4630-9503-1b334ae51c6e.jpg,英雄,*,,8,2,1,1,4,,矮人.,,,,,,,,,矮人,当你控制至少五名矮人角色时，欧音获得+1【攻击力】并获得【战术】资源符号。,攻击,,,,,,,
孤山秘境,5,学识,邦伯,庞伯,66f66c2e-36e7-4d97-aebb-1ca413f9edeb.jpg,英雄,*,,8,0,1,2,5,,矮人.,,,,,,,,,矮人,当计算你所控制的矮人角色数量时，庞伯视为两名。,,,,,,,,
孤山秘境,6,领导,葛罗音,葛罗音,6778eb01-6b07-4dbe-87f1-e854ab548813.jpg,盟友,*,3,,2,1,1,3,,矮人.,,,,,,,,,矮人,当你控制至少五名矮人角色时，葛罗音获得：“响应：在从你的手牌中打出葛罗音后，选择一名英雄。增加2枚资源标记到该英雄的资源池中。”,,,,,,,,
孤山秘境,7,学识,比弗,毕佛,c4b959f5-92a9-4f46-8656-f9da08a5cb86.jpg,盟友,*,3,,1,2,1,3,,矮人.,,,,,,,,,矮人,当你控制至少五名矮人角色时，毕佛获得：“响应：在从你的手牌中打出毕佛后，补两张卡牌。”,,,,,,,,
孤山秘境,8,精神,杜瓦林,德瓦林,c66638a7-95ae-4913-bf11-2e8dcf8d6104.jpg,盟友,*,3,,1,1,2,3,,矮人.,√,,,,,,,,矮人,"警戒.
当你控制至少五名矮人角色时，打出德瓦林的费用减2。",,,,,,,,
孤山秘境,9,战术,瞄准射击,瞄准射击,c2a79823-e4f9-4449-b467-5916d7e58979.jpg,事件,,0,,,,,,,,,,,,,,,,,行动：横置一张武器附属牌，以选择一个具有0【防御力】的非独有敌军。弃除所选择的敌军。,,,,,,,,
孤山秘境,10,精神,绝境之盟,绝地之盟,7465c18b-440e-4a90-8ac0-c50c0de03b5d.jpg,事件,,0,,,,,,,,,,,,,,,,,行动：选择一名你控制的英雄。将该英雄及其资源池中的所有资源标记交由另一位玩家控制，直到本阶段结束。（每个阶段限制1次）,,多人,,,,,,
孤山秘境,11,学识,山中的渡鸦,山中的渡乌,6d442a61-e9e9-4729-bac1-da3d76af6afa.jpg,事件,,1,,,,,,,,,,,,,,,,,行动：横置一名你控制的英雄，以将遭遇牌组洗牌并查看其最顶端的一张卡牌。放置与该卡牌【威胁值】数值相等的进度标记到当前任务上。然后，将该卡牌放回遭遇牌组顶端。,,,,,,,,
孤山秘境,12,领导,跟我来！同胞们，冲啊！,跟我来！同胞们，冲啊！,16ae4f56-d8bb-41b8-a992-1da3b6ec1fdb.jpg,事件,,1,,,,,,,,,,,,,,,,,行动：如果你控制至少一名矮人英雄，将一名矮人盟友从你的弃牌堆放置进场并由你控制。在本阶段结束时将该盟友放置到你的牌组底端。,,,,,,,,
孤山秘境,13,巴金斯,幸运数字,幸运数字,65407141-e013-4d1c-8f70-4328e707d0cc.jpg,事件,,1,,,,,,,,,,,,,,,,,行动：选择一名在场的角色（比尔博·巴金斯除外）。将比尔博·巴金斯的总【意志力】，总【攻击力】和总【防御力】分别增加到该角色的【意志力】，【攻击力】和【防御力】上，直到本阶段结束。,,,,,,,,
孤山秘境,14,战术,巨大的紫杉木弓,巨大的紫杉木弓,833664a0-6bab-4e93-b5f1-88e7b6456569.jpg,附属,,2,,,,,,,"物品.
武器.",,,√,,,,,,,"限制.
附属到一名具有印刷“远攻”关键词的英雄上。
战斗行动：选择一个在场景区中的敌军。横置巨大的紫衫木弓以及所附属的英雄，以对该敌军进行一次远攻攻击。宣告所附属的英雄为攻击者。本次攻击不能宣告其他攻击者。",,,,,,,,
孤山秘境,15,战术,黑色的羽箭,黑色的羽箭,ae16236d-886e-4f65-9129-5ead1d373bfe.jpg,附属,*,0,,,,,,,"宝物.
物品.",,,,,,,,,,"每套牌组限制一张。
附属到一名具有“远攻”关键词的英雄上。
响应：在所附属的英雄宣告一次攻击后，将黑色的羽箭加入胜利点计数中，以使所附属英雄在本次攻击中获得+5【攻击力】。",,,,,,,,
孤山秘境,16,精神,索尔的钥匙,索尔的钥匙,f4490261-317e-4e9e-9440-a5c58dcddcbf.jpg,附属,*,1,,,,,,,"宝物.
物品.",,,,,,,,,,"附属到一名英雄上。
响应：在一个地区加入场景区后，将索尔的钥匙附属到该地区上。当附属到一个地区时，索尔的钥匙获得：“所附属地区牌的印刷文本框如同空白，属性除外。”",,,,,,,,
孤山秘境,17,学识,职业寻宝猎人,职业宝藏猎人,2d550e71-f2a6-41f2-8aac-4533a965eb71.jpg,附属,,0,,,,,,,技能.,,,,,,,,,,"附属到一名英雄上。
响应：在所附属的英雄执行任务成功后，指定一种卡牌类型并弃除你牌组顶端的一张卡牌。如果所弃除的卡牌是指定的卡牌类型，将其加入你的手牌。",,,,,,,,
孤山秘境,18,领导,山下之王,山下国王,9152834a-5355-42ba-9592-1a3c1940d1a8.png,附属,*,2,,,,,,,头衔.,,,,,,,,,,"附属到一名矮人英雄上。
行动：横置山下国王，以查看你牌组顶端的两张卡牌。将其中一张加入你的手牌并弃除另一张。",,,,,,,,
黑骑士,1,远征,弗罗多·巴金斯,佛罗多·巴金斯,3217a119-6b86-47dd-b451-c5e45be3f874.jpg,英雄,*,,0,2,1,2,2,,哈比人.持戒者,,,,,,,,,哈比人,响应：花费1【远征】资源标记并横置至尊魔戒，以取消一张刚从遭遇牌组展示的遭遇牌效果。将该卡牌洗回遭遇牌组并展示另一张遭遇牌。,,,,,,,,
黑骑士,2,领导,山姆·甘姆吉,山姆·詹吉,4124136c-8c86-4f86-830c-94c8c76df161.jpg,英雄,*,,8,3,1,1,3,,哈比人.,,,,,,,,,哈比人,响应：在你与一个交锋值高于你威胁等级的敌军交锋后，重置山姆·詹吉。山姆·詹吉获得+1【意志力】，+1【攻击力】和+1【防御力】直到本回合结束。,,,,,,,,
黑骑士,3,战术,梅里,梅丽,052b1f85-8b9c-4bb0-a735-bdbd5ac1b2c4.jpg,英雄,*,,6,2,0,1,2,,哈比人.,,,,,,,,,哈比人,"你每控制一名哈比人英雄，梅丽获得+1【攻击力】。
响应：在梅丽参与一次攻击并消灭敌军后，重置另一名参与该次攻击的角色。",攻击,,,,,,,
黑骑士,4,学识,皮平,皮聘,ce96b767-c569-48b8-a998-d8009b0143c7.jpg,英雄,*,,6,2,1,1,2,,哈比人.,,,,,,,,,哈比人,"你每控制一名哈比人英雄，在场的每个敌军获得+1交锋值。
响应：在你与一个交锋值高于你威胁等级的敌军交锋后，补一张卡牌。",,,,,,,,
黑骑士,5,精神,小胖博尔杰,小胖博哲,5d75d4dd-7300-43d7-87f2-963271c9c904.jpg,英雄,*,,7,1,1,2,3,,哈比人.,,,,,,,,,哈比人,行动：横置小胖博哲，以选择一个在场景区的敌军，并且你的威胁等级上升与该敌军【威胁值】相等的点数。该敌军不计算它的【威胁值】直到本阶段结束。（每个回合限制1次）,,,,,,,,
黑骑士,6,领导,小马比尔,小马比尔,1f7fc118-94a7-48a0-bd0c-9c15a36ddc23.jpg,盟友,*,2,,1,1,0,2,,生物.矮种马.,,,,,,,,,,"如果你控制了山姆·詹吉，打出小马比尔的费用减2.不受附属。
每名哈比人角色获得+1生命值。",防御,,,,,,,
黑骑士,7,学识,麦曼·黄油菊,巴力曼·奶油伯,77f58774-86e7-4449-b31e-3833700b3e60.jpg,盟友,*,2,,1,0,1,3,,布理.,,,,,,,,,,如果你控制的每名英雄都具有哈比人属性，对你造成无人防御的攻击伤害可以分配到巴力曼·奶油伯上。,防御,,,,,,,
黑骑士,8,战术,农夫马戈特,农夫马嘎,9d8ccd1a-48d3-4123-bcca-3c0ab88347ec.jpg,盟友,*,3,,1,2,0,2,,哈比人.,,,,,,,,,哈比人,响应：在农夫马嘎进场后，对与你交锋的一个敌军造成1点伤害。（如果该敌军的交锋值高于你的威胁等级，则以2点伤害代替。）,,,,,,,,
黑骑士,9,战术,半身人的决心,半身人的决心,8e7e5c8d-0ea4-46df-ae38-d8d2fee7ca8b.jpg,事件,,1,,,,,,,,,,,,,,,,,行动：选择一名哈比人角色。该角色获得+2【意志力】，+2【攻击力】和+2【防御力】直到本阶段结束。,,,,,,,,
黑骑士,10,精神,烟圈,烟圈,9418c634-54c6-47de-9aae-798038a4a35b.jpg,事件,,2,,,,,,,,,,,,,,,,,行动：你每控制一个烟斗，你的威胁等级下降1点。每名具有烟斗附属的英雄获得+1【意志力】直到本阶段结束。,任务,,,,,,,
黑骑士,11,学识,悄无声息,悄无声息,768ae041-2d15-44a3-a928-62838536a160.jpg,事件,,3,,,,,,,,,,,,,,,,,"你每控制一名哈比人或游侠英雄，打出悄无声息的费用减1.
行动：每个敌军增加5点交锋值，直到本回合结束。",,,,,,,,
黑骑士,12,远征,弗罗多的直觉,佛罗多的直觉,96350b97-5c68-4033-bb2f-4305696a7ae7.jpg,事件,,2,,,,,,,,,,,,,,,,,行动：你控制的每名英雄获得+1【意志力】直到本回合结束。你每控制一名哈比人英雄，补一张卡牌。,任务,,,,,,,
黑骑士,13,领导,霍比特人斗篷,哈比人斗篷,8e49ea86-375a-472e-b497-16a1164ae27f.jpg,附属,,1,,,,,,,物品.,,,,,,,,,,"附属到一名哈比人英雄上。每名英雄限制一张。
当防御交锋值高于你威胁等级的敌军的攻击时，所附属英雄获得+2【防御力】。",防御,,,,,,,
黑骑士,14,战术,西方之地的匕首,西方皇族的短剑,418e6de7-af19-4ea7-bfbe-2a02838c6de4.jpg,附属,,1,,,,,,,"宝物.
物品.
武器.",,,√,,,,,,,"限制.
附属到一名英雄上。
所附属英雄获得+1【攻击力】。（如果攻击敌军的交锋值高于你的威胁等级，则以+2【攻击力】代替。）",攻击,,,,,,,
黑骑士,15,精神,霍比特人烟斗,哈比人的烟斗,9c455b1a-a2d4-44f7-a9d3-9a3134c21a2a.jpg,附属,,0,,,,,,,物品.烟斗,,,,,,,,,,"附属到一名哈比人上。每名角色限制一张。
响应：在你的威胁等级被事件牌效果降低后，横置哈比人的烟斗，以补一张卡牌。",,,,,,,,
黑骑士,16,学识,精灵宝石,精灵宝石,9bb32f2c-29fb-43ba-b7ba-2227b28f7b58.jpg,附属,*,1,,,,,,,宝物.物品.,,,,,,,,,,"附属到激活的地区。所附属地区获得+1任务点。
响应：在所附属地区作为已探索地区离场后，起始玩家将一名盟友从他的手牌中放置进场。",,,,,,,,
前路黑暗,1,远征,弗罗多·巴金斯,佛罗多·巴金斯,f9196cda-8f50-4cc5-9aad-1c56cb677bca.jpg,英雄,*,,0,2,1,2,2,,哈比人.持戒者,,,,,,,,,哈比人,响应：在横置佛罗多·巴金斯防御一次攻击后，横置至尊魔戒并花费1【远征】资源标记，以指定攻击的敌军。然后，本次攻击不造成伤害并且每位玩家的威胁等级上升2点。,防御,单人,,,,,,
前路黑暗,2,中立,甘道夫,甘道夫,3e055edf-4540-4cf1-94ce-afbf5fc28f82.jpg,英雄,*,,14,3,3,3,5,,巫师.,,,,,,,,,巫师,你牌组顶端的一张卡牌保持展示状态。每阶段限制一次，你可以打出你牌组顶端的一张卡牌，如同从你的手牌中打出。当你使用本方式打出卡牌时，甘道夫被视为具有印刷的【领导】、【学识】、【战术】和【精神】符号。,,,,,,,,
前路黑暗,3,领导,加拉德瑞尔,凯兰崔尔,3d09a998-9ad0-4b98-9c42-50c4226cc73b.jpg,盟友,*,3,,3,0,0,3,,诺多精灵. 贵族.,,,,,,,,,诺多精灵,"在回合结束时，从场中弃除凯兰崔尔。
响应：在从你的手牌中打出凯兰崔尔后，从你的牌组顶端的五张卡牌中搜寻一张费用等于或低于3的附属牌，并将其放置进场。将其余卡牌按任意顺序放回你的牌组顶端。",任务,,,,,,,
前路黑暗,4,战术,波洛米尔,波罗莫,36b26228-1c01-4064-a109-d110e00d8e4b.jpg,盟友,*,4,,1,3,1,4,,刚铎.战士.,,,,,,,,,刚铎,"当波罗莫防御一个交锋值高于你威胁等级的敌军时，其获得+2【防御力】。
响应：在波罗莫受到任意数量的伤害后，重置波罗莫。",防御,,,,,,,
前路黑暗,5,学识,埃尔隆德,爱隆,638638f0-8177-410a-bce8-9e2bbf5ad81f.jpg,盟友,*,3,,3,2,3,3,,诺多精灵.医者.,,,,,,,,,诺多精灵,"在回合结束时，从场中弃除爱隆。
响应：在爱隆进场后，选择以下其一：治疗一名英雄上的所有伤害，或弃除一张状态附属牌，或每位玩家补一张牌。",防御,,,,,,,
前路黑暗,6,精神,比尔博·巴金斯,比尔博·巴金斯,e02cc17b-80e4-4a8f-ba55-1df74aac816d.jpg,盟友,*,2,,2,0,0,2,,哈比人.,,,,,,,,,哈比人,响应：在比尔博·巴金斯进场后，从你的牌组中搜寻一张烟斗附属牌，并将其加入你的手牌中。重洗你的牌组。,,,,,,,,
前路黑暗,7,中立,阿诺尔之火,阿尔诺炽焰,8a5ff815-56cf-4d5f-a649-a111e736a9f1.jpg,事件,,1,,,,,,,法术.,,,,,,,,,,行动：将阿尔诺炽焰加入胜利点计数中并弃除你牌组顶端的一张卡牌，以重置你控制的一名巫师角色。该角色获得+X【攻击力】直到本阶段结束，X等于所弃除卡牌的费用。,攻击,,,,,,,
前路黑暗,8,中立,甘道夫的手杖,甘道夫的手杖,02e56cef-e78d-4dbd-bd4d-6ec43e4b1d2b.jpg,附属,*,2,,,,,,,宝物.物品.手杖.,,,√,,,,,,,"限制.
附属到甘道夫上。
行动：横置甘道夫的手杖，以选择以下其一：选择一位玩家补一张卡牌，或增加1枚资源标记到一名英雄的资源池中，或从一个非独有敌军上弃除一张暗影牌。",,多人,,,,,,
前路黑暗,9,中立,巫师烟斗,巫师的烟斗,428256aa-e03e-4f57-9b38-b8f7b5f17578.jpg,附属,,1,,,,,,,物品.烟斗,,,,,,,,,,"附属到一名巫师角色上。每名角色限制一张。
行动：横置巫师的烟斗，以将你的手牌中的一张卡牌与你牌组顶端的一张卡牌互换。",,,,,,,,
前路黑暗,10,远征,魔戒同盟,魔戒远征队,d5f09d24-be50-4958-b0d0-41b1ad09b7af.jpg,附属,*,2,,,,,,,远征.,,,,,,,,,,"附属到持戒者上。
每名英雄获得+1【意志力】。
强制：在一名角色被消灭后，弃除魔戒远征队。",任务,多人,,,,,,
萨鲁曼的背叛,1,远征,阿拉贡,亚拉冈,f5178135-1485-43c5-9660-99232a4cdca8.jpg,英雄,*,,0,2,3,2,5,,登丹人.贵族.游侠. ,,,,,,,,,登丹人,"起始玩家获得亚拉冈的控制权。如果亚拉冈离场，玩家游戏失败。
行动：从亚拉冈的资源池花费2枚资源标记，以重置一名英雄。",,多人,,,,,,
萨鲁曼的背叛,2,精神,希优顿,希优顿,f3d88160-30f2-4b8b-9e83-c42e62851bbc.jpg,英雄,*,,12,2,3,2,4,,洛汗.贵族.战士.,√,,,,,,,,洛汗,"警戒.
每回合从你的手牌中打出的第一名洛汗盟友的费用减1（最小减到0）。",,,,,,,,
萨鲁曼的背叛,3,学识,树须,树胡,94f6738a-c946-4415-9b38-0ce3a443fa33.jpg,英雄,*,,13,2,3,3,5,,树人.,,,,,,,,,树人,"不受限制附属。
行动：对树胡造成1点伤害，以使树胡获得+1【意志力】和+1【攻击力】，直到本阶段结束。（每个阶段限制5次）",,,,,,,,
萨鲁曼的背叛,4,领导,吉姆利,金雳,6a9ff9c1-64d2-4ed5-a793-9e93e8d605b7.jpg,盟友,*,4,,2,2,2,3,,矮人.战士.,√,,,,,,,,矮人,"警戒.
响应：在从遭遇牌组展示一个敌军后，重置金雳。",防御,,,,,,,
萨鲁曼的背叛,5,战术,莱戈拉斯,勒苟拉斯,9825aa22-f197-4320-972d-e2487197d989.jpg,盟友,*,4,,1,3,1,3,,西尔凡精灵.战士.,,√,,,,,,,西尔凡精灵,"远攻.
响应：在勒苟拉斯参与一次攻击并消灭敌军后，补一张卡牌。",攻击,多人,,,,,,
萨鲁曼的背叛,6,学识,急楸,快枝,f37fc371-5a6e-4a24-85a1-2afef11c6841.jpg,盟友,*,2,,2,3,1,3,,树人.,,,,,,,,,树人,"不受限制附属。
横置进场。
响应：在快枝进场后，对快枝造成1点伤害，以重置快枝。",攻击,,,,,,,
萨鲁曼的背叛,7,精神,哈玛,哈玛,adc3e6f6-da67-4cc1-9767-8e87dfc91b99.jpg,盟友,*,3,,1,2,2,2,,"洛汗.
战士.",,,,,,,,,洛汗,战斗行动：重置哈玛。哈玛获得+3【防御力】直到本阶段结束。在本阶段结束时，弃除哈玛。（每个回合限制1次）,防御,,,,,,,
萨鲁曼的背叛,8,战术,阿罗德,阿罗德,6646bb07-0b44-4051-94a7-39c600b38481.jpg,附属,*,1,,,,,,,坐骑.,,,,,,,,,,"附属到一名英雄或勒苟拉斯上。
响应：在所附属角色参与一次攻击并消灭敌军后，横置阿罗德，以放置1枚进度标记到任一地区上。",任务,,,,,,,
萨鲁曼的背叛,9,学识,恩特饮料,树人饮料,b86ba0f8-11f9-4694-b421-17b683bd4325.jpg,附属,,1,,,,,,,物品.树人.,,,,,,,,,,"如果你控制至少一名树人角色，才能打出。
附属到一名角色上。每名角色限制一张。
所附属角色获得+2生命值。",,,,,,,,
萨鲁曼的背叛,10,精神,赫鲁格林,西鲁格因,9fce5e18-37dc-45c2-8398-df8b5018cb54.jpg,附属,*,3,,,,,,,"物品.
武器.",,,√,,,,,,,"限制.
附属到一名洛汗英雄上。
打出西鲁格因到希优顿上的费用减1。
响应：在所附属英雄被宣告为攻击者后，横置西鲁格因，以在本次攻击中将所附属英雄的【意志力】增加到【攻击力】上。",攻击,,,,,,,
萨鲁曼的背叛,11,学识,恩特集会,树人会议,a17465f5-e6f5-4699-b0d7-79355286a065.jpg,事件,,0,,,,,,,树人.,,,,,,,,,,"如果你控制至少一名树人角色，才能打出。
行动：从你牌组顶端的五张卡牌中搜寻任意数量的树人卡牌并将它们加入你的手牌。将余下的卡牌洗回你的牌组。",,,,,,,,
萨鲁曼的背叛,12,精神,海尔姆！海尔姆！,圣盔！圣盔！,f63da56c-6598-4e01-b245-a9fe49f2251a.jpg,事件,,2,,,,,,,,,,,,,,,,,"在完成结算敌军攻击的步骤后，才能打出。
战斗行动：横置并弃除一名你控制的洛汗盟友，以选择并弃除一个与你交锋的非独有敌军。",防御,,,,,,,
萨鲁曼的背叛,13,远征,三位猎手,三位猎手,4101f975-3317-43f8-ba60-19785e01959c.jpg,事件,,3,,,,,,,,,,,,,,,,,"如果你控制了【远征】亚拉冈，才能打出。
任务行动：选择三名被指派执行本次任务的英雄。重置这些英雄。每名被选择的英雄获得+1【意志力】，+1【攻击力】和+1【防御力】，直到本回合结束。",,,,,,,,
萨鲁曼的背叛,14,中立,捷影,影疾,9f61eee8-cff2-43ad-8f82-7c4efb5ed9b8.jpg,附属,*,3,,,,,,,坐骑.美亚拉斯.,,,,,,,,,,"附属到甘道夫上。
甘道夫获得“远攻”和“警戒”。
行动：横置影疾，以重置甘道夫。",,多人,,,,,,
魔境之影,1,远征,弗罗多·巴金斯,佛罗多·巴金斯,fe58a6d3-7028-41c1-ab00-5e33e7d77b5f.jpg,英雄,*,,0,2,1,2,2,,哈比人.持戒者,,,,,,,,,哈比人,行动：花费1枚【远征】资源并横置至尊魔戒以使佛罗多·巴金斯获得+2【意志力】和+2【攻击力】直到本回合结束。,,,,,,,,
魔境之影,2,领导,法拉米尔,法拉墨,8f937f89-b248-4261-9b00-4e3cd9763299.jpg,英雄,*,,11,2,2,2,5,,刚铎.贵族.游侠.,,√,,,,,,,刚铎,"远攻.
响应：在你与一个敌军交锋后，重置一名你控制的盟友。（每阶段限制一次。）",,,,,,,,
魔境之影,3,学识,达姆罗德,丹姆拉,3f482b9c-aa18-415e-ab9b-58f9c3b328a1.jpg,英雄,*,,9,2,2,1,4,,刚铎.游侠.,,,,,,,,,刚铎,"你每回合打出的第一张陷阱卡牌费用-1（最少为0）。
响应：当一张你控制的陷阱卡牌附属到一个敌军上后，补一张卡牌。",,,,,,,,
魔境之影,4,领导,安博恩,安朋,c8b5dd1c-82bc-4733-be1a-484a6e87c3c0.jpg,盟友,*,4,,1,3,1,3,,刚铎.游侠.,,,,,,,,,刚铎,响应：在一个敌军被加入场景区后，横置安朋以让该敌军获得+5交锋值直到本回合结束。然后，对该敌军造成1点伤害。,,,,,,,,
魔境之影,5,学识,玛布隆,马伯龙,a870e2b3-4b9d-46ea-bc37-425fd682f114.jpg,盟友,*,2,,2,1,0,2,,刚铎.游侠.,,,,,,,,,刚铎,响应：在马伯龙进场后，选择一个敌军使其交锋值+5直到本回合结束。然后，你可以与该敌军交锋，或将其返回场景区。,,,,,,,,
魔境之影,6,战术,树皮王,树皮,df2b2070-240c-4b38-b4c8-29a0d2c789cf.jpg,盟友,*,3,,0,4,2,3,,树人.,,,,,,,,,树人,"不受“限制”附属。
横置进场。
当树皮单独对一个半兽人敌军攻击时，该敌军不计算其【防御力】。",,,,,,,,
魔境之影,7,精神,甘姆林,加姆林,9e944f47-14b0-4890-98d2-584e0abe0eda.jpg,盟友,*,3,,1,1,2,2,,"洛汗.
战士.",,,,,,,,,洛汗,响应：在一名你控制的洛汗盟友从场中弃除后，横置加姆林以将该盟友返回你的手牌。,,,,,,,,
魔境之影,8,领导,莱贝斯隆手杖,拉比西隆手杖,c86cc6c9-8c50-4069-aa85-4d1cc11f796d.jpg,附属,,1,,,,,,,物品.,,,√,,,,,,,"限制.
附属到一名刚铎或哈比人英雄上。
响应：在所附属的英雄横置以防御一个交锋值高于你威胁等级的敌军的攻击后，横置拉比西隆手杖以从该敌军上弃除一张暗影牌。",,,,,,,,
魔境之影,9,学识,伏击,伏击,bb89cc13-3049-4001-bd85-916438c6d629.jpg,附属,,2,,,,,,,"状态.
陷阱.",,,,,,,,,,"将伏击以未附属状态打出到场景区中。
如果伏击未附属，将其附属到下一张进入场景区的合理敌军上。
战斗行动：交锋玩家弃除伏击以宣告一次对所附属敌军的攻击。",,,,,,,,
魔境之影,10,精神,雪鬃,雪鬃,b89d39c4-1017-4707-95c3-d60f352d4e95.jpg,附属,*,1,,,,,,,坐骑.,,,√,,,,,,,"限制.
附属到一名洛汗英雄上。
如果所附属的英雄是希优顿，雪鬃失去“限制”关键词。
响应：在所附属的英雄执行任务成功后，重置所附属的英雄。",,,,,,,,
魔境之影,11,领导,再来尝尝它的厉害！,再尝尝宝剑的滋味！,1ddaf688-b39b-4d15-8058-1e2957e021ca.jpg,事件,,1,,,,,,,,,,,,,,,,,响应：在你控制的一名英雄防御一个交锋值高于你威胁等级的敌军攻击后，重置该英雄。直到本阶段结束，该英雄在对该敌军攻击时获得+2【攻击力】。,,,,,,,,
魔境之影,12,学识,阴影之中,阴影之中,f9351811-479d-4bad-a6b3-ac745739b63f.jpg,事件,,3,,,,,,,,,,,,,,,,,"你每控制一名哈比人或游侠英雄，阴影之中的打出费用降低1点。
战斗行动：直到本阶段结束，每个与你交锋的交锋值高于你威胁等级的敌军获得-1【攻击力】和-1【防御力】。",,,,,,,,
魔境之影,13,远征,说出你的誓言！,快发誓！,e2daba5a-f5ac-4fcb-a508-45b3b3cae5a9.jpg,事件,,1,,,,,,,,,,,,,,,,,行动：横置持戒者以选择一个与你交锋的敌军。如果持戒者的【意志力】比所选择敌军的【威胁值】高，降低其等同于差值的【攻击力】和【防御力】直到本阶段结束,,,,,,,,
灰港岸,1,精神,造船者奇尔丹,造船者奇尔丹,76ee3df4-3ebe-4d2d-9d7f-a0bbe759358a.jpg,英雄,*,,12,4,2,2,4,,诺多精灵. 贵族.,,,,,,,,,诺多精灵,"在资源阶段开始时额外补一张牌。
强制：在资源阶段补牌后，选择并弃除其中的一张牌。",,,,,,,,
灰港岸,2,学识,灰港的加尔多,海港的加尔多,52e217a6-ddc0-4082-9ec2-09d92e8c25c7.jpg,英雄,*,,9,2,2,1,4,,诺多精灵.,,,,,,,,,诺多精灵,"响应：在抓取起始手牌后，你可以弃除任意数量的手牌，然后补相同数量的卡牌，以代替重新调度手牌。
行动：如果你没有手牌，补六张牌。（每局游戏限制一次。）",,,,,,,,
灰港岸,3,战术,米斯泷德望海者,米斯龙德望海者,3b58bae1-8484-4be6-a75c-1d55c5199f72.jpg,盟友,,2,,1,1,0,2,,诺多精灵.战士.,,,,,,,,,诺多精灵,当你的弃牌堆顶端是一张盟友牌时，米斯龙德望海者获得+2【攻击力】并获得“远攻”。,攻击,,,,,,,
灰港岸,4,战术,空中截击,空中截击,bd3686ef-e3d2-4dea-9fc3-aa039918f0b1.jpg,事件,,2,,,,,,,,,,,,,,,,,"作为打出空中截击的额外费用，横置一名你控制的远攻角色。
战斗行动：对一个与一位玩家交锋的敌军造成2点伤害。你的弃牌堆中当前每有一张空中截击则再次结算该效果（你可以选择不同的目标）。",攻击,,,,,,,
灰港岸,5,战术,爪钩,爪钩,1ccd4cc5-9e8a-41ea-b897-61e47bba5ae6.jpg,附属,,1,,,,,,,物品.,,,,,,,,,,"附属到一名角色上。
任务行动：弃除爪钩并横置所附属的角色以指派所附属的角色参与任务，使用其【攻击力】代替其【意志力】（或如果当前任务具有坚守关键词则代替其【防御力】）。",任务,,,,,,,
灰港岸,6,领导,灰港守护者,海港守望者,94df6677-1e7c-4ccc-932c-f750b51a769c.jpg,盟友,,2,,0,1,1,3,,诺多精灵.战士.,,,,,,,,,诺多精灵,当你的弃牌堆顶端是一张附属牌时，海港守望者获得+2【防御力】并获得“警戒”。,防御,,,,,,,
灰港岸,7,领导,锚更,锚更,dd64881e-99d9-4505-9f9f-67dfc8c8ffc1.jpg,事件,,2,,,,,,,,,,,,,,,,,响应：在一个敌军被宣告为对你的攻击者后，选择一名你控制的横置角色作为防御者。你的弃牌堆中当前每有一张锚更则再次结算该效果（所有被选择的角色都参与防御本次攻击）。,防御,,,,,,,
灰港岸,8,领导,水手的指南针,海员的指南针,fe1a0aef-10bd-441b-a27b-0527810fef57.jpg,附属,,1,,,,,,,物品.,,,,,,,,,,"附属到一名【领导】或斥候角色上。
响应：在探索阶段开始时，横置海员的指南针和所附属的角色以从遭遇牌组顶端五张卡牌中搜索一个地区。将该地区和在场景区的一个地区互换。将遭遇牌组洗牌。",,,,,,,,
灰港岸,9,学识,林顿领航员,林顿领航员,a09013c9-0eeb-459d-b7fc-d803d1b0ad1d.jpg,盟友,,2,,2,1,1,2,,诺多精灵.斥候.,,,,,,,,,诺多精灵,"林顿领航员指派执行任务无需横置，且可以在横置状态执行任务。 
强制：在结算一次林顿领航员参与执行的任务后，将其从场中弃除或弃除你的一张手牌。",任务,,,,,,,
灰港岸,10,学识,暮星,暮星,b6729381-3bfc-41fa-abd1-99f410eb19b8.jpg,事件,,2,,,,,,,,,,,,,,,,,行动：放置2枚进度标记到任一地区上。你的弃牌堆中当前每有一张暮星则再次结算该效果（你可以选择不同的目标）。,,,,,,,,
灰港岸,11,学识,探索者的星历,探索者的航行日志,21f0acdb-5d11-409e-80f8-c717fab87ab9.jpg,附属,,0,,,,,,,物品.,,,,,,,,,,"附属到在场景区的一个地区上。
因任务成功而放置的进度标记可以在放置到当前任务前先被放置到所附属的地区上。",,,,,,,,
灰港岸,12,精神,路恩船员,隆恩水手,85a269eb-63f1-4f63-83c9-30b718d364f6.jpg,盟友,,2,,1,1,0,2,,诺多精灵.斥候.,,,,,,,,,诺多精灵,当你的弃牌堆顶端是一张事件牌时，隆恩水手获得+1【意志力】和“当前指派执行任务时不受伤害。”,任务,,,,,,,
灰港岸,13,精神,埃尔汶的飞翔,爱尔温的飞翔,d25dfbee-85c4-42f8-9653-c0536d3e5095.jpg,事件,,2,,,,,,,,,,,,,,,,,任务行动：重置一名执行任务的角色且该角色+1【意志力】直到本阶段结束。你的弃牌堆中当前每有一张爱尔温的飞翔则再次结算该效果（你可以选择不同的目标）。,任务,,,,,,,
灰港岸,14,精神,向海！向海！,向大海，向大海！,d0180ea8-15e3-4a9a-80c6-dfd6549753c9.jpg,附属,*,1,,,,,,,歌谣.,,,,,,,,,,"附属到一名诺多精灵角色上。
行动：横置“向大海，向大海！”并弃除X张手牌以使本阶段打出的下一张诺多精灵盟友费用降低X点（至少为1）。",,,,,,,,
灰港岸,15,中立,纳雅,纳雅,8ae15724-e823-4f55-a9e8-c75b3e795e9a.jpg,附属,*,2,,,,,,,戒指.宝物.,,,,,,,,,,"附属到造船者奇尔丹或甘道夫上。
所附属的角色获得【领导】资源符号。
行动：横置纳雅和所附属的角色以选择并重置至多两名盟友。这些盟友获得+1【攻击力】和+1【防御力】直到本阶段结束。",,,,,,,,
追击风暴召唤者,1,领导,德内梭尔,迪耐瑟,4a76ad60-35d1-4657-ab4a-2f7f15cc7ab7.jpg,英雄,*,,8,1,1,3,3,,刚铎.贵族.摄政王.,,,,,,,,,刚铎,"布置：增加2枚资源标记到迪耐瑟的资源池中。
行动：将1枚资源标记从迪耐瑟的资源池中移至另一名刚铎英雄的资源池中。（每回合限制一次。）",,,,,,,,
追击风暴召唤者,2,领导,宰相的权杖,摄政王的权杖,3d3ced53-71af-46de-b7e7-1892a9c49747.jpg,附属,*,0,,,,,,,物品.,,,,,,,,,,"附属到一名刚铎英雄上。
行动：从所附属英雄的资源池中花费2枚资源标记以补一张牌。",,,,,,,,
追击风暴召唤者,3,领导,效忠宰相,效忠摄政王,2e944d64-3612-4b5f-8fed-50cae0471fd5.jpg,附属,,1,,,,,,,头衔.,,,,,,,,,,"附属到一名角色上。
所附属角色获得刚铎属性。",,,,,,,,
追击风暴召唤者,4,战术,阿扎因·银须,阿萨因·银胡,27843323-c7d0-4f9e-a67e-4494f8926203.jpg,盟友,*,3,,0,3,2,2,,矮人.战士.,,,,,,,,,矮人,响应：在阿萨因·银胡参与攻击消灭一个敌军后，花费1【战术】资源以对另一个与被消灭敌军具有一个相同属性的敌军造成2点伤害。任一玩家可触发本响应。,攻击,,,,,,,
追击风暴召唤者,5,战术,最后一战,最后的抵抗,1eaee222-8d0d-4fcd-b630-4e349347ed85.jpg,事件,,0,,,,,,,,,,,,,,,,,响应：在一名战士角色因防御敌军攻击而被消灭时，对攻击敌军造成等同于该角色印刷【攻击力】的伤害。,攻击,,,,,,,
追击风暴召唤者,6,精神,格罗芬德尔,葛罗芬戴尔,7309efbd-ea6a-45d5-bfec-2a4e0fc8d3b7.jpg,盟友,*,5,,3,3,1,4,,诺多精灵.贵族.战士.,,,,,,,,,诺多精灵,"葛罗芬戴尔可以从你的弃牌堆打出。
行动：弃除你一张手牌以重置葛罗芬戴尔。（每个阶段限制一次。）",,,,,,,,
追击风暴召唤者,7,精神,命运的浪潮,扭转战况,ea80a2db-6a72-41c1-a26e-73929197506f.jpg,事件,,0,,,,,,,,,,,,,,,,,响应：当一张暗影牌增加了一个敌军任意数量的【攻击力】，在本次攻击中增加防御角色3【防御力】。然后，所有玩家作为一组可以花费2【战术】资源以重置防御角色并给予其在本阶段的下次攻击时+3【攻击力】。,,多人,,,,,,
追击风暴召唤者,8,学识,伊姆拉缀斯护理师,伊姆拉崔护理师,f4ec0320-6977-4cec-af29-1037e18f4dca.jpg,盟友,,2,,1,0,1,2,,诺多精灵.医者.,,,,,,,,,诺多精灵,行动：弃除你一张手牌以治疗一名角色的1点伤害。（每个回合限制两次。）,,,,,,,,
追击风暴召唤者,9,学识,梦境指引,梦境指引,371e29be-17a9-4535-a9e0-bc13126522bb.jpg,事件,,1,,,,,,,,,,,,,,,,,行动：选择一位玩家。该玩家从他牌组顶端的五张牌中搜寻一张牌并将其加入手牌，然后将他的牌组洗牌。然后，所有玩家共为一组可以花费3【领导】资源以使该玩家从他的牌组搜寻另一张卡牌并将其加入手牌，然后将他的牌组洗牌。,,,,,,,,
追击风暴召唤者,10,中立,幽谷守卫,瑞文戴尔守卫,bcfbcf8a-9df0-4fd4-92a4-9cdd8c9def53.jpg,盟友,,3,,1,2,3,3,,诺多精灵.战士.,,,,,,,,,诺多精灵,作为从手牌打出瑞文戴尔守卫的额外费用，你必须弃除两张手牌。,,,,,,,,
追击风暴召唤者,11,中立,从视线中消失,从视线中消失,95375f6e-942c-4609-9ebd-8a86ce3ab8af.jpg,事件,,0,,,,,,,,,,,,,,,,,"只有当你控制两名或更少英雄时才能打出。
行动：直到本阶段结束，如果你的威胁等级高于20，将你的威胁等级视为20。",,单人,,,,,,
深海之物,30,精神,蓝温,蓝玟,47750277-6869-470c-9376-7eb7f0a706f5.jpg,英雄,*,,9,2,3,1,3,,谷地.斥候.,,√,,,,,,,谷地,"远攻.
响应：在一张具有“涌现”关键词的遭遇牌展示后，重置蓝纹或使她获得+2【意志力】直到本阶段结束。（每个阶段限制两次。）",,,,,,,,
深海之物,31,领导,埃尔达希尔,艾达希尔,66a0dc1a-4913-425d-9d94-15b3e505bb40.jpg,盟友,*,4,,1,2,2,3,,登丹人.贵族.,√,,,,,,,,登丹人,"警戒.
行动：花费1【学识】资源以查看一张分配在交锋敌军上的面朝下暗影牌。如果该卡牌具有一个暗影效果，艾达希尔获得+2【防御力】直到本阶段结束。任一玩家可触发本行动。（每个阶段限制一次。）",,,,,,,,
深海之物,32,领导,统帅的智慧,将军的智慧,f774ffb1-1c80-40a1-a474-eb021e225b19.jpg,事件,,0,,,,,,,,,,,,,,,,,资源行动：横置你控制的一名贵族英雄以增加2枚资源标记到该英雄的资源池中。,,,,,,,,
深海之物,33,战术,铁匠大师,铁匠大师,ec1ed9c8-349b-4782-8d81-820f14ba51c6.jpg,盟友,,3,,1,1,1,2,,刚铎.工匠.,,,,,,,,,刚铎,响应：在你从手牌打出铁匠大师后，如果所有资源都是从一名英雄的资源池中支付，从你的手牌或弃牌堆附属一张武器或防具附属到该英雄上，无需支付费用。,,,,,,,,
深海之物,34,战术,战争装备,战争行头,2f9c24db-2ee4-4368-99fa-db49a0add8f5.jpg,附属,,2,,,,,,,物品.防具.武器.,,,√,,,,,,,"附属到一名战士角色上。
战争形态视为两张限制附属。
所附属角色获得+1【攻击力】，+1【防御力】和+2生命值。",,,,,,,,
深海之物,35,精神,山姆·甘姆吉,山姆·詹吉,785367f7-6475-4935-979f-abec23c596f2.jpg,盟友,*,3,,2,1,1,2,,哈比人.,,,,,,,,,哈比人,"如果你控制佛罗多·巴金斯，打出山姆·詹吉的费用减2。
响应：在一名玩家上升威胁等级后，该玩家可以花费1【精神】资源以重置山姆·詹吉。他获得+1【意志力】+1【攻击力】和+1【防御力】直到本回合结束。（每个回合限制一次。）",,,,,,,,
深海之物,36,精神,午餐时间,上午茶,27cc1cc1-17a9-4dcf-990a-fd3c44c7b163.jpg,事件,,1,,,,,,,,,,,,,,,,,"只能在集结步骤后打出。
任务行动：选择你控制的X名执行任务的哈比人角色。重置每个被选择的角色并将他们移出任务。然后，降低X点你的威胁等级。",任务,,,,,,,
深海之物,37,学识,黑森林探索者,幽暗密林探索者,364e43b7-1ae3-4d3e-a73b-55d8f1f94f7c.jpg,盟友,,3,,2,1,0,2,,"樵夫.
斥候.",,,,,,,,,,"响应：在幽暗密林探索者参与执行任务成功后，放置1枚进度标记到本卡牌上。
行动：横置幽暗密林探索者以将本卡牌上所有进度标记移至一个在场地区上。",,,,,,,,
深海之物,38,学识,保持监视,保持监视,0950c29d-a9f3-4cb4-a61a-0122be9d26f6.jpg,附属,,0,,,,,,,状态.,,,,,,,,,,"附属到一个地区上。
行动：横置一名游侠或斥候角色以使所附属地区获得-2【威胁值】直到本阶段结束。",,,,,,,,
欺诈者神庙,57,领导,埃尔夫海尔姆,艾海姆,14820d35-cb36-499b-80ec-da6442548f7b.jpg,英雄,*,,10,2,2,2,4,,洛汗.斥候.战士.,,,,,,,,,洛汗,"每名具有坐骑附属的【精神】英雄获得+1【意志力】。
每名具有坐骑附属的【战术】英雄获得+1【攻击力】。
每名具有坐骑附属的【领导】英雄获得+1【防御力】。",,多人,,,,,,
欺诈者神庙,58,领导,克奥尔,瑟欧,7e1db97c-f6dc-43e1-a6f3-7ab600845e93.jpg,盟友,*,2,,1,2,0,2,,"洛汗.
斥候.",,,,,,,,,洛汗,行动：花费1【精神】资源以重置瑟欧。然后，你可以将瑟欧的控制权交给另一位玩家。任一玩家可以触发本行动。（每个阶段限制一次）。,,多人,,,,,,
欺诈者神庙,59,领导,装甲军马,装甲军马,a55bc730-259b-4d52-8c98-648d43840738.jpg,附属,,2,,,,,,,坐骑.,,,√,,,,,,,"限制.
附属到一名【领导】或具有“警戒”关键词的英雄上。
响应：在所附属英雄防御一次攻击后，横置装甲军马以重置所附属英雄。然后，从另一个与防御玩家交锋的敌军上弃除一张暗影牌。",防御,,,,,,,
欺诈者神庙,60,战术,狄奥威奈,迪欧温,1987caf1-aedd-4fe0-bbe9-41539c2a7910.jpg,盟友,*,4,,0,1,3,3,,"洛汗.
战士.",√,,,,,,,,洛汗,"警戒.
响应：当迪欧温防御时，花费1【领导】资源以取消攻击敌军上的一个暗影效果。任一玩家可触发本响应。",防御,,,,,,,
欺诈者神庙,61,战术,盛怒现身,盛怒现身,94727856-c487-4cf8-b8d5-8c18a3bca3d8.jpg,事件,,1,,,,,,,,,,,,,,,,,"当你控制一名诺多精灵英雄时才能打出。
行动：选择一个非独有敌军。直到本阶段结束，所选敌军的印刷文本框视为空白（属性除外）。",,,,,,,,
欺诈者神庙,62,精神,罗瓦尼安先驱者,罗马尼安先驱者,2c1b7d82-e14e-4e2d-9270-86b59f95e0a9.jpg,盟友,,3,,1,2,1,2,,谷地.斥候.,,,,,,,,,谷地,响应：在罗马尼安先驱者参与执行任务后，放置1枚进度标记到场景区的一个地区上。如果该地区未因本效果探索完毕，罗马尼安先驱者获得+1【意志力】直到本阶段结束。,任务,,,,,,,
欺诈者神庙,63,精神,斥候小队,斥候小队,21c68054-6070-49cd-be5f-7d432842a879.jpg,事件,,2,,,,,,,,,,,,,,,,,响应：在你指派角色参与执行任务后，如果你指派的每名角色都是斥候，每名角色获得+2【意志力】直到本阶段结束。,,单人,,,,,,
欺诈者神庙,64,学识,纠缠之网,纠缠之网,44b36766-fbb5-464d-bf9c-6a9cb9f48fad.jpg,附属,,1,,,,,,,陷阱.,,,,,,,,,,"将纠缠之网以未附属状态打出到场景区中。
如果纠缠之网未附属，将其附属到下一张进入场景区的合理敌军上。
所附属敌军获得-2【攻击力】和-2【防御力】。",,,,,,,,
欺诈者神庙,65,学识,林中暗箭,林中暗箭,f07ea741-4991-46c9-9c6a-439dc186cec6.jpg,事件,,1,,,,,,,,,,,,,,,,,"只能在进行交锋检定后打出。
遭遇行动：如果本阶段没有敌军被交锋，对场景区每个敌军造成1点伤害。然后，所有玩家共为一组，可以花费3【战术】资源以对场景区每个敌军额外造成2点伤害。",攻击,多人,,,,,,
欺诈者神庙,66,中立,埃瑞德路因矿工,伊瑞德隆矿工,c2c8d69a-6639-49af-89ed-86f2ffc8c096.jpg,盟友,,3,,1,1,1,2,,矮人.,,,,,,,,,矮人,响应：在伊瑞德隆矿工从你的牌组顶端被弃除后，将其放置进场由你控制。,,,,,,,,
沉没的废墟,82,学识,阿尔加拉德,阿尔格莱德,8aea2aaf-8320-4694-bc64-fc264b409bab.jpg,英雄,*,,9,2,2,1,4,,西尔凡精灵.斥候.,,√,,,,,,,西尔凡精灵,"远攻.
行动：横置阿尔格莱德以选择一个在场景区的敌军。直到本阶段结束，该敌军获得-X【威胁值】，X等于阿尔格莱德的【攻击力】。如果本效果将该敌军的【威胁值】减至0，对它造成1点伤害。（每个回合限制一次。）",,,,,,,,
沉没的废墟,83,领导,矮人雇佣兵,矮人佣兵,836d10fb-8bca-4dee-bea7-0164667b7a61.jpg,盟友,,1,,2,2,2,3,,矮人.战士.,,,,,,,,,矮人,强制：在回合结束时，除非所有玩家共为一组花费1【领导】资源，否则弃除矮人佣兵。,,,,,,,,
沉没的废墟,84,领导,杜内丹人的疗法,登丹人的疗法,a83a5cb2-b557-4e10-baea-957318cbea95.jpg,附属,,0,,,,,,,记号.,,,,,,,,,,"附属到一名英雄上。
响应：在登丹人的疗法附属到一名英雄上后，治疗该英雄1点伤害。
行动：从所附属英雄的资源池中支付1枚资源标记，以使登丹人的疗法附属到另一名英雄上。",,,,,,,,
沉没的废墟,85,战术,罗瑞安神射手,罗瑞安神射手,d5500d57-03af-4152-9ad0-620aeb4fd50b.jpg,盟友,,3,,0,3,0,2,,西尔凡精灵.战士.,,√,,,,,,,西尔凡精灵,"远攻.
响应：在罗瑞安神射手进场后，选择一个敌军。该敌军获得-2【防御力】直到本回合结束。",攻击,,,,,,,
沉没的废墟,86,战术,战斗怒火,战斗怒火,8c7077ad-6b73-4ffc-86a4-891f9e4b839e.jpg,事件,,1,,,,,,,,,,,,,,,,,"只能在集结阶段前打出。
任务行动：横置一名你控制的英雄以立即宣告其作为攻击者（并结算本次攻击）攻击任一合理目标敌军。然后，所有玩家共为一组可花费1【精神】资源以指派该英雄参与执行任务。",任务,,,,,,,
沉没的废墟,87,精神,森林信差,林地信使,905dbe88-7974-4b0c-9a82-f96ba4dd866f.jpg,盟友,,2,,1,1,0,1,,西尔凡精灵.斥候.,,,,,,,,,西尔凡精灵,响应：在林地信使进场后，放置1枚进度标记到一个地区上（如果该敌军具有森林属性则以2枚进度标记代替）。,,,,,,,,
沉没的废墟,88,精神,希斯莱恩,希斯蓝,12ce640e-dd4e-4c02-be87-f273252cc9be.jpg,附属,,1,,,,,,,物品.,,,,,,,,,,"附属到一个地区上。每个地区限制一张。
响应：在一位玩家从他的手牌打出一个西尔凡精灵盟友后，放置1枚进度标记到所附属地区上。",,,,,,,,
沉没的废墟,89,学识,罗宾·掘小洞,罗宾·小鸡,697e1c80-a218-4dc7-b0c3-06921e879b81.jpg,盟友,*,2,,2,0,1,2,,哈比人.警备队员.,,,,,,,,,哈比人,响应：在你探索到一个地区后，花费1【精神】资源以上升在场的每个敌军X点交锋值直到本回合结束，X等于该地区的任务点。任一玩家可触发本响应。,,,,,,,,
沉没的废墟,90,学识,审讯,审讯,1c824f05-d8be-40e4-be13-5cea37128bf8.jpg,事件,,1,,,,,,,,,,,,,,,,,行动：选择一个具有陷阱附属的敌军。查看遭遇牌组顶端的X张卡牌，X等于该敌军的印刷【威胁值】。你可以弃除这些卡牌中的一张。将剩余卡牌依原顺序返回牌组顶端。,,,,,,,,
沉没的废墟,91,中立,大步佬,神行客,789fbae0-a33e-4ea0-a34f-adfe3b62dba7.jpg,附属,*,1,,,,,,,头衔.,,,,,,,,,,"附属到一名英雄上。
当你控制两名或更少英雄时，所附属英雄参与执行任务时无需横置。
当你控制五名或更少角色时，所附属英雄获得+2【意志力】。",任务,,,,,,,
科巴斯港的风暴,109,战术,娜阿西雅,娜阿西雅,5205f00e-c538-4b5e-976c-5db99d33bc4e.jpg,英雄,*,,8,1,2,2,4,,海盗.战士.,,,,,,,,,海盗,"娜阿西雅资源池中的资源标记不能被用于支付盟友的费用。
行动：当娜阿西雅攻击或防御时，从她的资源池中支付1枚资源标记以使她在本次攻击中+2【攻击力】或+2【防御力】。",,,,,,,,
科巴斯港的风暴,110,领导,如尼文大师,符文大师,5c6b9d23-79fe-482c-8122-66b185cd476e.jpg,附属,*,1,,,,,,,头衔.,,,,,,,,,,"附属到一名游侠或【领导】英雄上。
响应：在一个记号附属被附属到一名英雄上后，横置符文大师以增加1枚资源标记到该英雄的资源池中。",,,,,,,,
科巴斯港的风暴,111,领导,王者威势,王者之气,b09288fe-e0a4-4395-8345-4505530fbe4c.jpg,事件,,1,,,,,,,,,,,,,,,,,响应：在你宣告一名贵族角色作为防御者防御一个交锋敌军的攻击后，将该敌军返回场景区。然后，取消该次攻击。,,,,,,,,
科巴斯港的风暴,112,战术,老练的精灵剑士,老练的精灵剑士,3b736ea1-aaeb-4ad9-815c-d91488a82896.jpg,盟友,,3,,1,1,1,3,,诺多精灵.战士.,,,,,,,,,诺多精灵,你的弃牌堆中每有一张老练的精灵剑士，老练的精灵剑士获得+1【攻击力】和+1【防御力】。,,,,,,,,
科巴斯港的风暴,113,战术,警惕禁卫,警惕守护,9128a94e-546a-4b89-8bec-6c2739af0c6e.jpg,附属,,3,,,,,,,技能.,,,,,,,,,,"附属到一名战士角色上。
每名角色限制一张。
所附属角色获得+2生命值。
响应：当另一名角色将被分配任意数量的伤害时，将其中1点伤害放置到所附属角色上以代替。",,,,,,,,
科巴斯港的风暴,114,战术,短兵相接,白刃战,28fcf3a8-febd-46bb-9a80-89dfe762f03f.jpg,事件,,1,,,,,,,,,,,,,,,,,行动：选择一位玩家。与该玩家交锋的每个敌军获得-1【防御力】直到本阶段结束。然后，所有玩家共为一组可支付2【学识】资源以使所选玩家在本阶段每次攻击并消灭一个敌军时补一张牌。,攻击,多人,,,,,,
科巴斯港的风暴,115,精神,林希尔舰长,林何舰长,9cafb8f6-1718-4f7f-a37f-9209ed68a92a.jpg,盟友,,3,,2,0,1,2,,刚铎.,,,,,,,,,刚铎,响应：在你从手牌打出林何舰长后，如果所有资源都是从一名英雄的资源池中支付，该英雄和林何舰长本回合参与执行任务时都无需横置。,任务,,,,,,,
科巴斯港的风暴,116,精神,追风驹,温佛拉,778cf45f-cc72-424d-a7b3-09373328dd1b.jpg,附属,*,1,,,,,,,坐骑.,,,√,,,,,,,"限制.
附属到一名【学识】英雄或伊欧纹上。
所附属角色获得+1【意志力】。
响应：在所附属角色从任务中移出后，横置温佛拉以指派附属角色参与执行任务。",,,,,,,,
科巴斯港的风暴,117,学识,伊奥瑞丝,攸瑞丝,fc6e412d-eeca-432e-bd91-378c1ae72c9f.jpg,盟友,*,0,,0,0,0,1,,刚铎.医者.,,,,,,,,,刚铎,"不能攻击或防御。
行动：花费1【学识】资源并横置攸瑞丝。然后，从一名角色上治疗3点伤害。任一玩家可触发本行动。",,,,,,,,
科巴斯港的风暴,118,学识,诊疗院,医院,16381c8d-c437-4bde-b7da-284c5216bcb6.jpg,事件,,5,,,,,,,,,,,,,,,,,"你可以横置你控制的任意数量的医者角色作为本卡牌的部分费用。每因此横置一名医者角色则降低本卡牌1点费用。
恢复行动：在任一玩家的弃牌堆中选择一名英雄。将该英雄放置进场由其拥有者控制，并放置1枚伤害标记到其上。",,,,,,,,
科巴斯港的风暴,119,中立,正义终将实现,正义终将被实现,2843c312-f8c7-4b07-ba60-2372a3c658c4.jpg,事件,,0,,,,,,,,,,,,,,,,,"每套牌组限制一张。
计划行动：将正义终将被实现加入胜利点计数区以补三张牌并增加3枚资源标记到你控制的每名英雄的资源池中。在本回合结束时，你从游戏中被淘汰。",,单人,,,,,,
海盗之城,138,战术,伊姆拉希尔亲王,印拉希尔王子,66cf39b5-015f-4bae-b304-4a61b5d1bedf.jpg,英雄,*,,11,2,3,2,4,,刚铎.贵族.战士.,,,,,,,,,刚铎,战斗行动：从印拉希尔王子的资源池中花费1枚资源标记以从你的牌组顶端五张卡牌中搜寻一张和他具有至少一个相同属性的盟友，将该盟友放置进场。将你的牌组洗牌。在本阶段结束时，如果该盟友依然在场，将其洗回你的牌组。（每个回合限制一次。）,,,,,,,,
海盗之城,139,领导,白塔骑士,白塔骑士,2aa91555-4734-400e-ac9f-babe55b1e2dc.jpg,盟友,,4,,2,2,3,3,,刚铎.战士.,,,,,,,,,刚铎,白塔骑士的资源费用必须从一名英雄的资源池中支付。,,单人,,,,,,
海盗之城,140,领导,坚守战线,坚守战线,5604685f-3fac-40da-8999-62a9b69a153b.jpg,事件,,0,,,,,,,,,,,,,,,,,响应：当一个敌军攻击一位玩家时，该玩家可以宣告最多三名合理角色作为本次攻击的防御者。然后，所有玩家共为一组可花费2【战术】资源以重置每名在本次攻击中未受伤害的角色。,防御,多人,,,,,,
海盗之城,141,战术,多阿姆洛斯士兵,多尔安罗斯士兵,91c6862b-0fe6-44bd-8745-a685f03ab6ed.jpg,盟友,,2,,0,1,1,2,,刚铎.战士.,,,,,,,,,刚铎,响应：在多尔安罗斯士兵进场后，降低1点你本阶段打出的下一张【战术】卡牌费用。,,,,,,,,
海盗之城,142,精神,苏利恩,苏莉恩,daf23298-67fa-41c5-aff6-a3b7fef2014e.jpg,盟友,*,4,,3,0,2,2,,登丹人. 斥候.,,,,,,,,,登丹人,行动：花费1【学识】资源以横置苏莉恩。然后，每个在场景区的地区获得-1【威胁值】直到本阶段结束。任一玩家可触发本行动。,,,,,,,,
海盗之城,143,精神,振奋人心,振奋人心,711c92f7-1fe3-4820-82af-9f4e3f7f9647.jpg,事件,,2,,,,,,,,,,,,,,,,,行动：选择一名你控制的英雄。每名初始威胁低于所选英雄的英雄获得+2【防御力】直到本阶段结束。然后，所有玩家共为一组可花费2【领导】资源以给予每名初始威胁低于所选英雄的英雄+2【攻击力】直到本阶段结束。,,多人,,,,,,
海盗之城,144,学识,伊希利恩守卫,伊西利安守卫,dba87655-87e0-44b6-ba45-caf86ce723eb.jpg,盟友,,1,,0,1,0,1,,刚铎.游侠.,,,,,,,,,刚铎,响应：在伊西利安守卫进场后，将一个与你交锋的敌军返回场景区。,,,,,,,,
海盗之城,145,学识,尖兵长矛,游侠长矛,80a03178-4039-4b2c-a2c4-2d546aa9b0b2.jpg,附属,,1,,,,,,,"物品.
武器.",,,√,,,,,,,"限制.
附属到一名游侠角色上。
所附属角色获得+1【攻击力】（当攻击一个具有附属的敌军时则以+2【攻击力】代替）。",,,,,,,,
海盗之城,146,中立,多阿姆洛斯亲王,多尔安罗斯王,3903cf5b-0ca8-4cd9-8943-490a7af601e5.jpg,附属,*,3,,,,,,,头衔.,,,,,,,,,,"附属到印拉希尔王子上。
印拉希尔王子获得边境属性。
当你控制隶属于四种不同派系的边境盟友时，在资源阶段收集资源时额外增加1枚资源标记到印拉希尔王子上（如果印拉希尔王子是一名英雄）。",,,,,,,,
西方之炎,1,远征,阿拉贡,亚拉冈,2e778689-9e3f-4da8-a473-781c777f6473.jpg,英雄,*,,0,2,3,2,5,,登丹人.贵族.游侠.,,,,,,,,,登丹人,"起始玩家获得亚拉冈的控制权。如果亚拉冈离场，玩家游戏失败。
当亚拉冈具有宝物附属时，他获得警戒并且执行任务无需横置。",,,,,,,,
西方之炎,2,战术,伊欧玟,伊欧玟,6dc19efc-af54-4eff-b9ee-ee45e9fd4072.jpg,英雄,*,,9,4,1,1,3,,洛汗.贵族.,,,,,,,,,洛汗,"布置：降低3点你的威胁等级。
行动：上升3点你的威胁等级以重置伊欧玟。她获得+9【攻击力】直到本阶段结束。（每局游戏全体玩家限制1次。）",,,,,,,,
西方之炎,3,精神,贝瑞刚德,贝瑞贡,da4c926c-7917-4b6d-a1be-cc90fbdce597.jpg,英雄,*,,10,0,1,4,4,,刚铎.战士.,√,,,,,,,,刚铎,"警戒.
响应：在贝瑞贡防御一次攻击并且未受到伤害后，降低1点防御玩家的威胁等级。（每回合限制1次。）",,,,,,,,
西方之炎,4,战术,格里姆博德,葛林伯,825dfbbb-6ba7-44ad-8327-d06ff46830eb.jpg,盟友,*,3,,2,1,1,2,,"洛汗.
战士.",,,,,,,,,洛汗,战斗行动：弃除葛林伯以选择一个与一位玩家交锋的敌军。该敌军本阶段不能攻击该玩家。,,,,,,,,
西方之炎,5,精神,伊姆拉希尔亲王,印拉希尔王子,6238c12d-b4c0-478f-bd7e-b59ef9b4e86f.jpg,盟友,*,4,,2,2,2,3,,刚铎.战贵族.,,,,,,,,,刚铎,当你的弃牌堆中有英雄时，印拉希尔王子失去盟友牌类型并获得英雄牌类型。,,,,,,,,
西方之炎,6,领导,哈尔巴拉德,贺尔巴拉,66bcd2b8-fcc7-402b-94b2-a45a6c469981.jpg,盟友,*,4,,2,2,2,3,,登丹人.游侠.,,,,,,,,,登丹人,"每有一个与你交锋的敌军，打出贺尔巴拉的费用减1。
每个与你交锋的敌军获得+10交锋值。",,,,,,,,
西方之炎,7,学识,悍-不里-悍,刚布理刚,76951dec-233c-41aa-83d2-36497e89e7be.jpg,盟友,*,2,,X,1,1,2,,沃斯.,,,,,,,,,,"X等于激活地区的【威胁值】。
探索行动：弃除刚布理刚以探索一个地区，无需结算其探索效果。",,,,,,,,
西方之炎,8,战术,比钢铁更坚强,钢铁般的意志,1f71a208-836b-4bf9-8cdb-a3f9bfa05667.jpg,事件,,0,,,,,,,,,,,,,,,,,响应：横置一张附属在防御角色上的武器或防具牌以取消一个战斗中刚触发的暗影效果。,防御,,,,,,,
西方之炎,9,精神,孤注一掷的防御,绝望的防御,478bc3aa-c148-4f20-8b4b-6b2a477a64b6.jpg,事件,,1,,,,,,,,,,,,,,,,,响应：在一名警戒角色宣告为防御者后，其在本次攻击中获得+2【防御力】。如果本次攻击未造成伤害，重置该防御角色。,防御,,,,,,,
西方之炎,10,战术,金色的盾牌,黄金盾牌,a87da7c6-14fe-4213-b66f-43836531e213.jpg,附属,*,1,,,,,,,物品.防具.,,,√,,,,,,,"限制.
附属到一名洛汗英雄上。
响应：在所附属的英雄宣告为防御者后，横置黄金盾牌以在本次攻击中将所附属英雄的【意志力】加到其【防御力】上。",防御,,,,,,,
西方之炎,11,精神,白塔的制服,白塔制服,6fa385cc-3430-44ce-9761-d0558e2b569d.jpg,附属,,0,,,,,,,物品.防具.,,,,,,,,,,"限制.
附属到一名刚铎英雄上。
响应：从所附属英雄的资源池中花费X枚资源标记以取消X点刚分配给所附属英雄的伤害。",防御,,,,,,,
西方之炎,12,领导,洛赫林,洛赫林,83febe3a-95e8-4c38-8de7-4c1b1d43c917.jpg,附属,*,2,,,,,,,坐骑.,,,,,,,,,,"附属到一名登丹人英雄上。
如果所附属的英雄是亚拉冈，他获得【战术】符号
响应：在你主动交锋一个敌军后，横置洛赫林和所附属的英雄以宣告所附属的英雄为攻击者（并结算本次攻击）攻击该敌军。",攻击,,,,,,,
西方之炎,13,远征,埃兰迪尔王旗,伊兰迪尔大旗,fcf56ddf-cbff-4441-95f4-951cc5ae82c2.jpg,附属,*,3,,,,,,,宝物.物品.,,,,,,,,,,"附属到亚拉冈上。
当指派亚拉冈执行任务时，你控制的其他每名参与任务角色获得+1【意志力】。
当亚拉冈攻击时，你控制的其他每名攻击角色获得+1【攻击力】。",,,,,,,,
哈拉德之沙,1,领导,吉姆利,金雳,053357f5-4192-4a35-bf2c-7f48d584f292.jpg,英雄,*,,11,2,2,2,5,,矮人.贵族.战士.,√,,,,,,,,矮人,"警戒.
响应：在金雳被宣告为防御者后，从他的资源池中花费1枚资源标记以重置另一名英雄。如果该英雄为勒苟拉斯，他获得+1【攻击力】直到本阶段结束。（每个阶段限制一次。）",,,,,,,,
哈拉德之沙,2,精神,莱戈拉斯,勒苟拉斯,8124f5ac-6f03-4629-96f5-b8775ec8a7c4.jpg,英雄,*,,9,1,3,1,4,,西尔凡精灵.贵族.斥候.,,√,,,,,,,西尔凡精灵,"远攻.
响应：在指派勒苟拉斯参与执行任务后，弃除你一张手牌以重置另一名英雄。如果该英雄是金雳，他获得+1【意志力】直到本阶段结束。（每个阶段限制一次。）",,,,,,,,
哈拉德之沙,3,领导,绿林弓手,巨绿森弓箭手,d30fd38a-65fe-464d-acac-47d0f02deb05.jpg,盟友,,2,,0,2,0,1,,西尔凡精灵.,,√,,,,,,,西尔凡精灵,"远攻.
响应：在巨绿森弓箭手进场后，重置一名英雄。",,,,,,,,
哈拉德之沙,4,精神,埃瑞博禁卫,依鲁伯守卫,18d5f7fd-9d6e-44aa-9463-3530278f8c51.jpg,盟友,,4,,0,1,2,3,,矮人.战士.,√,,,,,,,,矮人,"警戒.
响应：当你从手牌打出依鲁伯守卫时，弃除你牌组顶端的两张卡牌以降低其2点费用。",,,,,,,,
哈拉德之沙,5,学识,半身人边界守卫,哈比人警卫,aa7cd6b1-910c-49cb-9606-771889d1dc77.jpg,盟友,,2,,1,1,0,2,,哈比人.,,,,,,,,,哈比人,当胜利点计数区有分支任务时，哈比人警卫获得：“响应：弃除哈比人警卫以取消一个刚从遭遇牌组展示的遭遇牌的‘展示后’效果。”,,,,,,,,
哈拉德之沙,6,战术,警惕的登丹人,警惕的登丹人,b8f063e3-9278-4e55-a237-26bf3a79689c.jpg,盟友,,4,,1,3,2,3,,登丹人.游侠.,,,,,,,,,登丹人,当胜利点计数区有分支任务时，警惕的登丹人防御时无需横置。,防御,,,,,,,
哈拉德之沙,7,领导,非比寻常的友谊,非比寻常的友谊,8b5a0dda-9a9c-431b-9363-be586969d493.jpg,事件,,0,,,,,,,,,,,,,,,,,"只有当你控制一名具有西尔凡精灵属性的独有角色和另一名具有矮人属性的独有角色时才能打出。
行动：补一张牌并增加1枚资源标记到你控制的一名英雄的资源池中。",,,,,,,,
哈拉德之沙,8,精神,获得警讯,获得警讯,2c5991ac-1f8d-4b5d-a7dc-91ea664102d1.jpg,事件,,0,,,,,,,,,,,,,,,,,"只有当你控制一名具有贵族属性的独有角色和另一名具有斥候属性的独有角色时才能打出。
响应：在一位玩家与一个敌军交锋后，降低其X点威胁等级，X等于该敌军的印刷【威胁值】。",,,,,,,,
哈拉德之沙,9,战术,以一当百,以一当百,0da6ffc3-cbf5-427f-af9a-60f4f6bd1fb9.jpg,事件,,1,,,,,,,,,,,,,,,,,行动：对与你交锋的一个地精造成X点伤害。X等于胜利点计数区中分支任务的数量。,攻击,,,,,,,
哈拉德之沙,10,领导,矮人盾,矮人之盾,9ccbe47b-b30f-468a-a867-60314e3b5d61.jpg,附属,,2,,,,,,,物品.防具.,,,√,,,,,,,"限制.
附属到一名矮人英雄上。
所附属英雄获得+1【防御力】。
响应：当所附属英雄因敌军攻击而受到伤害后，横置矮人之盾以增加1枚资源标记到所附属英雄的资源池中。",防御,,,,,,,
哈拉德之沙,11,精神,黑森林长刀,幽暗密林长刀,565ab52d-0390-4f39-8e6d-7809444b53af.jpg,附属,,2,,,,,,,"物品.
武器.",,,√,,,,,,,"限制.
附属到一名西尔凡精灵英雄上。
所附属角色获得+1【意志力】和+1【攻击力】。",,,,,,,,
哈拉德之沙,12,学识,旅途永不绝,大路长啊长,0b229535-c078-4f47-b781-7e84de1f0eb5.jpg,附属,,0,,,,,,,歌谣.,,,,,,,,,,"附属到在场的一张任务牌上。
响应：当所附属任务被通过后，起始玩家选择一位玩家。该玩家从他的牌组搜寻一个分支任务并加入手牌，将他的牌组洗牌。",,,,,,,,
哈拉德之沙,13,中立,风暴将至,暴风将临,458b755e-1d93-4586-bbca-bab905f895c0.jpg,任务,,0,,,,,,5,,,,,,,,,,,"胜利点计数区限制一张暴风将临。
当本任务在胜利点计数区时，每位玩家每回合打出的第一张盟友牌无需资源匹配。",,,,,,,,
猛犸巨象,1,领导,卡列尔,卡里艾尔,ae49dd35-f2c7-4ab5-b34d-0cc8e5fb1f6e.jpg,英雄,*,,10,2,2,2,4,,哈拉德.贵族.,,,,,,,,,哈拉德,"你可以使用卡里艾尔的资源池中的资源支付任意派系的哈拉德盟友牌。
行动：从你的手牌弃除一张哈拉德盟友牌以重置一名在场的哈拉德角色。（每个阶段限制一次。）",,,,,,,,
猛犸巨象,2,领导,安德拉斯守护者,安德拉斯守护者,f5bf16fb-3244-40a4-8800-3e38c979c18c.jpg,盟友,,2,,1,0,1,2,,登丹人.游侠.,,,,,,,,,登丹人,响应：在你从手牌打出安德拉斯守护者后，选择一个与你交锋的非独有敌军。该敌军本回合不能攻击你。,防御,,,,,,,
猛犸巨象,3,领导,秣马厉兵,准备战斗,8ad1cefa-21c5-435c-8865-6417de0e5ba6.jpg,任务,,1,,,,,,6,,,,,,,,,,,"胜利点计数区中限制一张准备战斗。
当本任务在胜利点计数区时，起始玩家在资源阶段额外补一张牌。",,,,,,,,
猛犸巨象,4,战术,雅赞,亚赞,1a71163f-eeb4-4992-bd9c-83349d93cd58.jpg,盟友,*,5,,2,3,1,3,,哈拉德.游侠.,,√,,,,,,,哈拉德,"远攻.
响应：在亚赞被宣告为攻击者后，对在场的一个非独有敌军造成1点伤害。（每个阶段限制一次。）",攻击,,,,,,,
猛犸巨象,5,战术,不再等待,不再等待,e73ef9d3-e2a1-400b-9ed7-bfdfd0a3bc2a.jpg,事件,,2,,,,,,,,,,,,,,,,,响应：在任务阶段开始时，从遭遇牌组顶端的五张卡牌中搜寻一个敌军并将其放置进场与你交锋。然后，本阶段少展示一张遭遇牌（最少零张）。将遭遇牌组洗牌。,,,,,,,,
猛犸巨象,6,精神,朱拜尔,胡巴依尔,ba6d53fd-277c-4796-814b-ada9ff23cafd.jpg,盟友,*,5,,1,2,3,3,,哈拉德.战士.,√,,,,,,,,哈拉德,"警戒.
响应：在胡巴依尔被宣告为防御者后，从一个非独有敌军上弃除一张面朝下的暗影牌。（每个阶段限制一次。）",防御,,,,,,,
猛犸巨象,7,精神,矮人烟斗,矮人烟斗,86e1977f-0a24-46c8-a7ee-d5d78410f1a3.jpg,附属,,1,,,,,,,物品.烟斗,,,,,,,,,,"附属到一名矮人角色上。
每名角色限制一张。
响应：当一张卡牌从你的牌组顶端弃除后，横置矮人烟斗以将该卡牌放置到你的牌组底端。",,,,,,,,
猛犸巨象,8,学识,菲尔娅,菲尔娅,43622914-dd7f-4990-89d3-7f1ce7a6525f.jpg,盟友,*,5,,3,1,2,3,,哈拉德.斥候.,,,,,,,,,哈拉德,响应：在指派菲尔娅参与执行任务后，查看遭遇牌组顶牌。然后，你可以弃除该牌。,任务,,,,,,,
猛犸巨象,9,学识,插翅难飞,插翅难飞,2002b5d3-57b1-429a-a19a-2d10a564bc31.jpg,事件,,1,,,,,,,,,,,,,,,,,"只有当你控制一名具有游侠属性的独有角色和另一名具有战士属性的独有角色时才能打出。
响应：在你与一个敌军交锋后，该敌军不能攻击你直到本回合结束。",防御,,,,,,,
猛犸巨象,10,中立,卡列尔的头饰,卡里艾尔的头饰,f49d9b7f-bdb6-4f2c-8b25-42b07c60a2f3.jpg,附属,*,3,,,,,,,宝物.物品.,,,√,,,,,,,"限制.
附属到卡里艾尔上。
每名哈拉德角色获得+1【意志力】。
恢复行动：横置卡里艾尔的头饰以将你弃牌堆最顶端的哈拉德盟友洗回你的牌组。",,,,,,,,
哈拉德竞逐,28,学识,夙林迪尔,舒瑞迪尔,12946b30-a231-4074-a524-960365081360.jpg,英雄,*,,8,2,2,0,4,,登丹人. 游侠.,,,,,,,,,登丹人,"胜利点计数区中每有一张分支任务，舒瑞迪尔获得+1【意志力】。
布置：从你的牌组搜寻一张分支任务并将其加入你的手牌。将你的牌组洗牌。",,,,,,,,
哈拉德竞逐,29,领导,卡里艾尔的族人,卡里艾尔的族人,129f6237-c00c-41a2-af6e-98a6f966aad1.jpg,盟友,,2,,1,1,1,2,,哈拉德.,,,,,,,,,哈拉德,行动：横置卡里艾尔的族人以选择另一名哈拉德角色。该角色获得+1【意志力】，+1【攻击力】和+1【防御力】直到本阶段结束。,,,,,,,,
哈拉德竞逐,30,领导,北方的骏马,北方骏马,e7df2c09-6d38-4f92-9279-eba5f41370cd.jpg,附属,,1,,,,,,,坐骑.,,,√,,,,,,,"限制.
附属到一名登丹人或游侠英雄上。
响应：在你与一个敌军交锋后，横置北方骏马以重置所附属英雄。",,,,,,,,
哈拉德竞逐,31,战术,英勇的战士,英勇的战士,775422b6-68bd-4ae3-8229-ce65e38465a9.jpg,附属,,1,,,,,,,技能.,,,,,,,,,,"附属到一名英雄上。每名英雄限制一张。
所附属英雄获得战士属性。
响应：在你从手牌打出英勇的战士后，补一张卡牌。",,,,,,,,
哈拉德竞逐,32,战术,自豪的猎手,自豪的猎手,953f3b7f-f4ca-4f6f-92d5-8d4b465231df.jpg,事件,,0,,,,,,,,,,,,,,,,,"只有当你控制一名具有贵族属性的独有角色和另一名具有游侠属性的独有角色时才能打出。
响应：在你控制的一名英雄参与一次攻击并消灭一个敌军后，增加X枚资源标记到该英雄的资源池中。X等于被消灭敌军的印刷【威胁值】。",,,,,,,,
哈拉德竞逐,33,精神,杜内丹寻路者,登丹寻路者,7114f4a4-aed2-4b6e-87bc-c0e564e55d67.jpg,盟友,,0,,2,1,0,2,,登丹人. 斥候.,,,,,,,,,登丹人,强制：在登丹寻路者进场后，从遭遇牌组顶端的五张卡牌中搜寻一个非独有地区并将其加入场景区。如果没有地区因本效果进场，弃除登丹寻路者。将遭遇牌组洗牌。,,,,,,,,
哈拉德竞逐,34,精神,折返,折返,7b60b869-4232-40cf-bbc5-6856edeef419.jpg,事件,,1,,,,,,,,,,,,,,,,,"只有当主任务没有关键词时才能打出。
行动：从主任务上移除X枚进度标记以放置X枚进度标记到场景区的一个地区上。",任务,,,,,,,
哈拉德竞逐,35,学识,埃林嘉兰拓荒者,爱林加仑拓荒者,1e88c101-4e02-4f9a-8447-15a6f2a4e566.jpg,盟友,,2,,1,2,0,2,,樵夫.,,,,,,,,,,响应：当激活地区作为已探索地区离场后，弃除爱林加伦拓荒者以弃除场景区中一个和被探索地区具有相同名称的地区。,,,,,,,,
哈拉德竞逐,36,学识,探索秘径,探索秘径,d7e2e209-7730-48fe-87c7-e226143e462b.jpg,任务,,1,,,,,,6,,,,,,,,,,,"胜利点计数区中限制一张探索秘径。
当探索秘径在胜利点计数区中时，场景区中每个与激活地区具有相同名称的地区的【威胁值】不计入场景区总【威胁值】。",任务,,,,,,,
哈拉德竞逐,37,中立,欧尔桑克管家,欧散克塔管家,32ab123f-b12f-4f9d-a6e5-556f54eb6c06.jpg,盟友,,3,,2,0,0,2,,艾辛格.,,,,,,,,,,响应：当你打出一个事件时，给予其“厄运 1”以补一张卡牌。如果你本回合已触发过欧散克塔管家的能力则无法再触发本能力。,,,,,,,,
沙土之下,55,战术,希尔巩,贺刚,068e0590-6bb4-429e-8a2b-2ef0869c7c4f.jpg,英雄,*,,9,2,2,1,4,,"刚铎.
斥候.",,,,,,,,,刚铎,"响应：在贺刚参与执行任务成功后，从你的手牌打出一名【战术】盟友，费用减1（最少为1）。然后，你可以上升1点你的威胁等级以使该盟友获得+1【攻击力】和+1【防御力】直到本回合结束。
","攻击
防御",,,,,,,
沙土之下,56,领导,哈拉德长矛,哈拉德林长矛,dd1a7167-8988-4ec7-a9ae-8e3becbc58d0.jpg,附属,,2,,,,,,,"武器.
物品.",,,,,,,,,,"限制.
附属到一名哈拉德角色上。
所附属角色获得+1【攻击力】。
响应：在所附属角色宣告为攻击者后，其在本次攻击中获得+3【攻击力】。在本次攻击结算完后，弃除哈拉德林长矛。",攻击,,,,,,,
沙土之下,57,领导,狩猎队,狩猎队,952277e0-9e7c-423f-b034-0f39b5e77eab.jpg,事件,,1,,,,,,,,,,,,,,,,,"只有当你控制一名具有战士属性的独有角色和另一名具有斥候属性的独有角色时才能打出。
响应：在玩家参与执行任务后，弃除场景区一个非独有敌军。然后，展示一张遭遇牌。",,,,,,,,
沙土之下,58,战术,红箭,朱红箭,0b179f39-f202-4fe7-b930-0f3db582bc3e.jpg,附属,*,1,,,,,,,"宝物.
物品.",,,,,,,,,,"每个牌组限制一张。附属到一名刚铎英雄上。
所附属英雄获得+1【意志力】。
英勇响应：在所附属角色参与执行任务成功后，将朱红箭加入胜利点计数区以从你牌组顶端五张卡牌中搜寻一名盟友并将其放置进场。",,,,,,,,
沙土之下,59,战术,持续守望,持续守望,b8f5c0b1-a11e-41f5-b0bd-8dab7d537feb.jpg,任务,,1,,,,,,,,,,,,,,,,,"胜利点计数区中限制一张持续守望。
当持续守望在胜利点计数区中时，每个与玩家交锋的非独有敌军获得-1【攻击力】。",任务,,,,,,,
沙土之下,60,精神,洛汗骑士,洛汗骑士,f309210e-c505-411f-b748-c6828a028ad4.jpg,盟友,,3,,2,2,0,2,,"洛汗.
斥候.",,,,,,,,,洛汗,当一个分支任务在胜利点计数区中时，洛汗骑士参与执行任务无需横置。,任务,,,,,,,
沙土之下,61,精神,炉火边的歌谣,炉火边的歌谣,955a36c0-f348-400e-8ba4-16adcab07444.jpg,附属,,2,,,,,,,歌谣.,,,,,,,,,,"附属到一名哈比人英雄上。每名英雄限制一张。
所附属英雄上每附属一个歌谣，其获得+1【意志力】。",,,,,,,,
沙土之下,62,学识,登丹人远望者,登丹人远望者,84202632-1548-4926-b307-c2d771abb97d.jpg,盟友,,2,,1,1,1,2,,登丹人.,,,,,,,,,登丹人,响应：弃除登丹人远望者以取消一个刚从遭遇牌组展示的敌军的“展示后”效果。,,,,,,,,
沙土之下,63,学识,刚强的游民,刚强的游侠,b3e3e174-5406-475f-aed9-dd583e8b3652.jpg,附属,,1,,,,,,,技能.,,,,,,,,,,"附属到一名英雄上。每名英雄限制一张。
所附属英雄获得游侠属性。
响应：在你从手牌打出刚强的游侠后，补一张卡牌。",,,,,,,,
沙土之下,64,中立,自由人民,自由人民,8a236d16-1b31-474c-992b-3a2cd91a3b71.jpg,事件,,5,,,,,,,,,,,,,,,,,"只有当你控制至少有合计九种不同属性的角色时才能打出。
行动：重置在场的每名角色。直到本阶段结束，每名你控制的角色获得+1【意志力】。",,,,,,,,
黑蛇,81,精神,法斯特雷德,法斯拉,d87344c3-d234-44c8-89b1-249f5c88bfab.jpg,英雄,*,,9,1,2,3,3,,"洛汗.
战士.",,,,,,,,,洛汗,响应：在法斯拉防御一个敌军攻击后，将该敌军放回场景区以降低你2点威胁等级。（每个阶段限制一次。）,防御,,,,,,,
黑蛇,82,领导,希望之歌,希望之歌,69a257ff-3223-4511-a20f-81cb08655081.jpg,附属,,0,,,,,,,歌谣.,,,,,,,,,,"附属到一名英雄上。每名英雄限制一张。
行动：从所附属英雄的资源池中花费1枚资源标记以使所附属英雄获得+1【意志力】直到本阶段结束。（每个阶段限制3次。）",,,,,,,,
黑蛇,83,领导,齐声放歌,齐声放歌,a73ea798-1d91-4bda-86d9-1085739d9cb4.jpg,事件,,2,,,,,,,,,,,,,,,,,行动：重置每名具有歌谣附属的英雄。,,,,,,,,
黑蛇,84,战术,凯尔安德洛斯防御者,凯尔安卓斯守卫,0238e687-61a4-4e2f-a858-70251cc88552.jpg,盟友,,4,,1,1,0,3,,"刚铎.
战士.",,,,,,,,,刚铎,"凯尔安卓斯守卫获得+X【防御力】，X等于你威胁等级的十位数。（最多+4【防御力】。）
英勇响应：在凯尔安卓斯守卫被宣告为防御者后，对攻击敌军造成1点伤害。",防御,,,,,,,
黑蛇,85,战术,埃奥尔的誓言,伊欧的誓言,ae807a4c-d656-42a1-bf2c-024eaffc9fc6.jpg,事件,,3,,,,,,,,,,,,,,,,,"只有当你控制一名具有洛汗属性的独有角色和另一名具有刚铎属性的独有角色时才能打出。
响应：在战斗阶段开始时，你在结算敌军攻击步骤前先结算你的攻击。（每位其他玩家在你结算完你的攻击后如常结算战斗阶段。）",,,,,,,,
黑蛇,86,精神,无畏的斥候,无畏的斥候,168c62d8-bb38-4258-9d2b-6b46aef6c700.jpg,附属,,1,,,,,,,技能.,,,,,,,,,,"附属到一名英雄上。每名英雄限制一张。
所附属英雄获得斥候属性。
响应：在你从手牌打出无畏的斥候后，补一张卡牌。",,,,,,,,
黑蛇,87,精神,众志成城,召集西方众力,97d09901-724d-4932-ac51-59df1ef1dbec.jpg,任务,,1,,,,,,,,,,,,,,,,,"胜利点计数区中限制一张召集西方众力。
当本任务在胜利点计数区中时，每名英雄获得+1【意志力】。",任务,,,,,,,
黑蛇,88,学识,杜内丹人烟斗,登丹人的烟斗,00c52eae-b536-4458-abed-5b69e9283b11.jpg,附属,,1,,,,,,,"物品.
烟斗.",,,,,,,,,,"附属到一名登丹人角色上。每名角色限制一张。
行动：横置登丹人的烟斗并将你一张手牌放到你的牌组底以补一张牌。",,,,,,,,
黑蛇,89,学识,老托比,老托比,c7c503b9-a804-4e37-8554-927d0095e7b1.jpg,事件,,2,,,,,,,烟草.,,,,,,,,,,行动：你每控制一个烟斗则补一张卡牌。为每名有烟斗附属的英雄治疗1点伤害。,,,,,,,,
黑蛇,90,中立,南方的难民,南方的难民,2872a8fb-53e6-4e0d-855d-4e1f32cdcfa0.jpg,盟友,,2,,1,1,0,2,,哈拉德.,,,,,,,,,哈拉德,行动：横置南方的难民以降低1点你本阶段打出的下一张哈拉德盟友的费用。,,,,,,,,
西力斯古拉特地牢,109,学识,福尔科·博芬,法哥·波芬,375d1e9d-7de9-4853-a99f-c15885256a6f.jpg,英雄,*,,7,2,2,0,2,,哈比人.,,,,,,,,,哈比人,"你每控制一名哈比人英雄，法哥·波芬获得-1初始威胁值。
行动：弃除法哥·波芬以降低你7点威胁等级。（每局游戏全体玩家限制一次。）",,,,,,,,
西力斯古拉特地牢,110,领导,河谷邦骑士,谷地骑士,0525e10a-8260-4f75-add1-1706e39a9665.jpg,盟友,,4,,2,2,1,3,,"谷地.
战士.",,,,,,,,,谷地,"行动：花费1【领导】资源以重置谷地骑士。（每个回合限制一次。）
英勇行动：重置谷地骑士。（每个回合限制一次。）",,,,,,,,
西力斯古拉特地牢,111,领导,勤勉的贵族,勤勉的贵族,06581875-bb7a-4214-b2c4-3774d68e8b8f.jpg,附属,,1,,,,,,,技能.,,,,,,,,,,"附属到一名英雄上。每名英雄限制一张。
所附属英雄获得贵族属性。
行动：在你从手牌打出勤勉的贵族后，补一张卡牌。",,,,,,,,
西力斯古拉特地牢,112,战术,里德马克骑士,骠骑骑士,0916b82a-068e-4ca3-9554-f589a58e82fe.jpg,盟友,,2,,0,2,0,2,,"洛汗.
战士.",,,,,,,,,洛汗,响应：在骠骑骑士被宣告为攻击者后，其在本次攻击中获得+2【攻击力】。在本次攻击结束时，弃除骠骑骑士。,攻击,,,,,,,
西力斯古拉特地牢,113,战术,愤怒的防御,愤怒的防御,e1401810-ad6f-41e9-a637-c2e1928f89f9.jpg,事件,,3,,,,,,,,,,,,,,,,,"战斗行动：对一个与你交锋的非独有敌军造成3点伤害。
英勇战斗行动：弃除一个与你交锋的非独有敌军。",攻击,单人,,,,,,
西力斯古拉特地牢,114,精神,埃瑞吉安幸存者,伊瑞詹幸存者,d86c881f-b79c-42ff-9a8f-35e2fc26242c.jpg,盟友,,2,,1,1,1,3,,诺多精灵.,,,,,,,,,诺多精灵,当你没有手牌时，伊瑞詹幸存者获得+1【意志力】，+1【攻击力】和+1【防御力】。,,单人,,,,,,
西力斯古拉特地牢,115,精神,埃兰迪尔的后裔,埃兰迪尔的后裔,d8755c10-b8c6-4a2c-9315-fce9f765234d.jpg,事件,,1,,,,,,,,,,,,,,,,,"只有当你控制一名具有诺多精灵属性的独有角色和另一名具有登丹人属性的独有角色时才能打出。
行动：选择一个在场景区的非独有地区并上升你X点威胁等级以弃除该地区。X等于所选择地区的印刷任务点。",,,,,,,,
西力斯古拉特地牢,116,学识,树叶王,叶丛,b6065fa3-ce09-4b16-a968-7dc86d72482c.jpg,盟友,*,3,,0,2,2,3,,树人.,,,,,,,,,树人,"不受限制附属。横置进场。
你每控制一名受伤的树人角色，叶丛获得+1【意志力】。（最多+4【意志力】。）",,,,,,,,
西力斯古拉特地牢,117,学识,传承之剑,传承之剑,a3f93416-08e8-4d0c-b983-58ae2505e75c.jpg,附属,,0,,,,,,,"物品.
武器.",,,√,,,,,,,"限制. 附属到一名英雄上。
每有一张分支任务在胜利点计数区中，所附属英雄获得+1【攻击力】。（最多+3【攻击力】。）",攻击,,,,,,,
西力斯古拉特地牢,118,中立,打开军械库,打开军械库,b82b6804-22c6-4e54-b029-50e99962cbe4.jpg,事件,,1,,,,,,,,,,,,,,,,,"行动：从你牌组顶端的十张卡牌中搜寻一张武器或防具附属并将其加入你的手牌。将你的牌组洗牌。
英勇行动：从你牌组顶端的五张卡牌中搜寻一张武器或防具附属并将其放置进场。将你的牌组洗牌。",,,,,,,,
波罗斯渡口,135,战术,急楸,快枝,b62716d9-5e70-4ec1-bcb7-852f67299e82.jpg,英雄,*,,12,2,4,1,5,,树人.,,,,,,,,,树人,"不受限制附属。
行动：对快枝造成2点伤害以重置他。（每个阶段限制一次。）",,,,,,,,
波罗斯渡口,136,领导,哈尔法斯特·甘姆吉,哈尔法斯特·詹吉,4e72098a-9ddf-4426-a2df-110c3f4c32c4.jpg,盟友,*,3,,2,1,0,2,,哈比人.,,,,,,,,,哈比人,"每有一个分支任务在胜利点计数区中，打出哈尔法斯特·詹吉的费用减少1点。
响应：在哈尔法斯特·詹吉进场后，增加1枚资源标记到一名英雄的资源池中。",,,,,,,,
波罗斯渡口,137,领导,西方堡垒,西方堡垒,110c523a-1fcb-49ee-bd8b-04f724bfe3cf.jpg,事件,,0,,,,,,,,,,,,,,,,,行动：弃除你控制的一名盟友以选择并弃除一个状态附属。,,,,,,,,
波罗斯渡口,138,战术,贝奥恩守卫,比翁守卫,cd1ebcfa-adea-47e5-9b0b-473d7114b709.jpg,盟友,,3,,0,3,1,3,,比翁一族.,,,,,,,,,比翁一族,响应：在比翁守卫参与一次攻击并消灭一个敌军后，弃除比翁守卫以放置X枚进度标记到一个地区上，X等于被消灭敌军的印刷【威胁值】。,攻击,,,,,,,
波罗斯渡口,139,战术,尾随,尾随,b1edce11-55ce-468d-bf6a-b5d7035d41a3.jpg,附属,,1,,,,,,,"状态.
陷阱.",,,,,,,,,,"将尾随以未附属状态打出到你的游戏区域中。
当尾随未附属时，将其附属到下一个与你交锋的合理敌军上。
当所附属敌军与你交锋时，降低场景区X点【威胁值】，X等于所附属敌军的印刷【威胁值】。",,,,,,,,
波罗斯渡口,140,精神,飞向大海,飞向大海,3bad07dc-0b1a-4785-97c0-7f912aacb443.jpg,事件,,2,,,,,,,,,,,,,,,,,"只有当你控制一名诺多精灵或西尔凡精灵英雄时，才能打出。
计划行动：将一张放置在一旁的海上来的风洗入遭遇牌组。然后，将飞向大海移出游戏。",,,,,,,,
波罗斯渡口,141,学识,埃敏阿尔能尖兵,艾明亚南游侠,67b8089a-af30-46eb-b581-5def4da14149.jpg,盟友,,2,,0,1,1,2,,刚铎.游侠.,,,,,,,,,刚铎,响应：在指派艾明亚南游侠参与执行任务后，选择一个具有陷阱附属的敌军。直到本阶段结束，艾明亚南游侠获得+X【意志力】，X等于所选择敌军的印刷【威胁值】。,任务,,,,,,,
波罗斯渡口,142,学识,怒气决堤,怒气决堤,f932fd38-a1ba-45b3-a2a6-d152298a23ff.jpg,事件,,2,,,,,,,,,,,,,,,,,"只有当你控制一名具有树人属性的独有角色和另一名具有哈比人属性的独有角色时才能打出。
行动：重置你控制的每名受伤树人角色。",,,,,,,,
波罗斯渡口,143,中立,魔法戒指,魔法戒指,c984e8e8-94a6-4af6-9455-824ad2cf46f9.jpg,附属,,2,,,,,,,宝物.物品.戒指.,,,,,,,,,,"附属到一名英雄上。每名英雄限制一张。每套牌组限制一张。
行动：横置魔法戒指并上升你1点威胁等级以（选择其一）：治疗所附属英雄1点伤害，增加1枚资源标记到所附属英雄的资源池中，或重置所附属英雄。",,,,,,,,
波罗斯渡口,144,中立,海上来的风,海上来的风,edb23ff8-1851-41ec-8e8e-dfac6ef9e710.jpg,事件,,-,,,,,,,,,,,,,√,,,,"遭遇.
展示后：重置每名参与执行任务的英雄并将海上来的风移出游戏。",,,,,,,,
末日火山,1,远征,弗罗多·巴金斯,佛罗多·巴金斯,b937644c-ccbb-4a39-ae3c-24857d1d4d57.jpg,英雄,*,,0,2,1,2,1,,哈比人.持戒者,,,,,,,,,哈比人,计划行动：横置至尊魔戒以增加1枚资源标记到一名英雄的资源池中。,,,,,,,,
末日火山,2,远征,阿拉贡,亚拉冈,f1cc6057-ced3-4105-9172-869d26a54af5.jpg,英雄,*,,0,2,3,2,5,,登丹人.刚铎.贵族.战士.,√,,,,,,,,"登丹人
刚铎","警戒. 起始玩家获得亚拉冈的控制权。
行动：从亚拉冈的资源池中花费1枚资源标记以重置他。（每个阶段限制1次。）
如果亚拉冈离场，玩家游戏失败。",,,,,,,,
末日火山,3,领导,伊奥梅尔,伊欧墨,7a1bc81a-c226-4589-a1cf-65668846c64b.jpg,英雄,*,,10,1,3,2,4,,洛汗.贵族.战士.,,,,,,,,,洛汗,响应：在伊欧墨参与执行任务后，从他的资源池中花费1枚资源标记以立即宣告他作为攻击者（并结算本次攻击）攻击一个在场景区的敌军。,任务,,,,,,,
末日火山,4,战术,汤姆·科顿,汤姆·卡顿,bbab76d6-7554-40da-af74-fb502d08d9a8.jpg,英雄,*,,8,1,1,3,3,,哈比人.,,,,,,,,,哈比人,"当你与一个交锋值高于你威胁等级的敌军交锋时，你每回合打出的第一张哈比人盟友不需要资源匹配。
响应：在一名哈比人盟友进场后，其获得+2【攻击力】直到本回合结束。",攻击,,,,,,,
末日火山,5,领导,罗丝·科顿,小玫·卡顿,0baaf661-4bfd-48ed-80d4-bfa98217da1c.jpg,盟友,*,2,,2,0,0,2,,哈比人.,,,,,,,,,哈比人,行动：横置小玫·卡顿以选择一名哈比人英雄以及一项属性（【意志力】，【攻击力】或【防御力】）。将小玫·卡顿的【意志力】加到该英雄所选属性上直到本阶段结束。（每个阶段限制1次。）,,,,,,,,
末日火山,6,战术,埃尔夫海尔姆,艾海姆,0ff72c0f-a6d6-48d3-8781-1988a7e3ba11.jpg,盟友,*,4,,1,2,2,3,,"洛汗.
战士.",,,,,,,,,洛汗,行动：从一名洛汗英雄的资源池中花费1枚资源标记以将艾海姆从你的手牌放置进场由你控制。在本阶段结束时，如果艾海姆依然在场，将其弃除。,,,,,,,,
末日火山,7,学识,埃尔拉丹,爱拉丹,51512531-0697-4005-9fb6-884da5b02f75.jpg,盟友,*,3,,2,1,1,3,,诺多精灵.游侠.,,,,,,,,,诺多精灵,"当爱罗希尔在场时，爱拉丹获得+2【攻击力】。
响应：在你主动交锋一个半兽人敌军后，重置爱拉丹。",攻击,,,,,,,
末日火山,8,精神,埃洛希尔,爱罗希尔,769dbf59-9e02-4750-9605-b1ad6c8783e2.jpg,盟友,*,3,,2,1,1,3,,诺多精灵.游侠.,,,,,,,,,诺多精灵,"当爱拉丹在场时，爱罗希尔获得+2【防御力】。
响应：在你主动交锋一个半兽人敌军后，重置爱罗希尔。",防御,,,,,,,
末日火山,9,领导,西方众将领,西方众将,cb08f48e-7acf-44ff-ac6f-36d4f017a962.jpg,事件,,3,,,,,,,,,,,,,,,,,任务行动：直到本阶段结束，每名贵族英雄获得+1【意志力】并且指派执行任务时无需横置。,任务,多人,,,,,,
末日火山,10,战术,鼓动夏尔起来抗暴,唤醒整个夏尔,08d95282-e88d-4a9c-a01b-651d569052ee.jpg,事件,,1,,,,,,,,,,,,,,,,,响应：在你与一个敌军交锋后，从你的牌组顶端五张卡牌中搜寻一名哈比人盟友并将其放置进场（如果该敌军的交锋值高于你的威胁等级则以搜索你的整个牌组代替）。将你的牌组重洗。在本回合结束时，如果该盟友依然在场，将其返回你的手牌。,,,,,,,,
末日火山,11,领导,古斯威奈,古丝温,ee75373c-d979-4e7a-934d-5542c24c8ab1.jpg,附属,*,2,,,,,,,"物品.
武器.",,,√,,,,,,,"限制. 附属到一名洛汗英雄上。
响应：在所附属英雄被宣告作为攻击者后，横置古丝温以使该英雄在本次攻击中获得+2【攻击力】。如果本次攻击消灭了一个敌军，将一名洛汗盟友从你的弃牌堆返回你的手牌。",攻击,,,,,,,
末日火山,12,中立,最亲密的朋友,最好的朋友,04aa368e-b411-4d20-9ca3-f7baf4670599.jpg,附属,,1,,,,,,,状态.,,,,,,,,,,"附属到一名哈比人英雄上。场上限制两张最好的朋友。
当另一名英雄被最好的朋友附属时，所附属英雄获得+1【意志力】，+1【攻击力】，+1【防御力】和+1生命值。",,,,,,,,
末日火山,13,远征,奥克伪装,半兽人伪装,e4fd6941-6ced-4ddc-970d-a933ae7d5cb5.jpg,附属,,1,,,,,,,"物品.
防具.",,,,,,,,,,"附属到持戒者上。每名英雄限制一张。
当一个半兽人对你进行交锋检定时，其获得+5交锋值。
响应：在一个半兽人与你交锋后，弃除半兽人伪装。直到本回合结束，该敌军不能攻击你。",,,,,,,,
罗马尼安的荒野,1,领导,,巴恩之子布兰德,,英雄,*,,10,2,3,2,3,,"谷地.
贵族.",,,,,,,,,谷地,"你控制的每名具有玩家附属的谷地角色获得+1【意志力】。
响应：在你打出一张附属到一名没有附属的谷地角色上后，补一张牌。",,,,,,,,
罗马尼安的荒野,2,精神,,布兰德之子巴德,,英雄,*,,9,2,2,2,3,,"谷地.
贵族.",,,,,,,,,谷地,"当打出一张物品附属时，布兰德之子巴德视为具有印刷【领导】，【学识】，和【战术】符号。
响应：当一名角色离场时，将该角色上所附属的每个附属返回其拥有者的手牌。（每个阶段限制1次。）",,,,,,,,
罗马尼安的荒野,3,领导,,红水河哨兵,,盟友,,3,,0,1,2,3,,"谷地.
战士.",√,,,,,,,,谷地,"附属到红水河哨兵上的防具费用减1。
当红水河哨兵上有防具附属时，其获得+1【防御力】和“警戒”关键词。",防御,,,,,,,
罗马尼安的荒野,4,精神,,北方王国守望者,,盟友,,2,,1,1,1,2,,"谷地.
斥候.",,,,,,,,,谷地,当北方王国守望者上有物品附属时，其获得+1【意志力】且执行任务无需横置。,,,,,,,,
罗马尼安的荒野,5,战术,,谷地战士,,盟友,,3,,0,3,1,3,,"谷地.
战士.",,√,,,,,,,谷地,"附属到谷地战士上的武器费用减1。
当谷地战士上有武器附属时，其获得+1【攻击力】和“远攻”关键词。",攻击,,,,,,,
罗马尼安的荒野,6,学识,,长湖商人,,盟友,,2,,1,1,0,2,,谷地.,,,,,,,,,谷地,行动：横置长湖商人以将你控制的一名角色上的一个物品附属移动到另一名合理角色上。,,,,,,,,
罗马尼安的荒野,7,领导,,锁子甲,,附属,,1,,,,,,,"物品.
防具.",,,,,,,,,,"附属到一名谷地或战士角色上。每名角色限制1张。
所附属角色获得+1【防御力】（如果所附属角色具有“警戒”关键词则额外获得+1生命值）。",防御,,,,,,,
罗马尼安的荒野,8,精神,,谷地之王,,附属,*,2,,,,,,,头衔.,,,,,,,,,,"附属到一名谷地或伊斯加英雄上。
计划行动：横置谷地之王以使本阶段你打出的下一张谷地盟友费用减X，X等于所附属英雄上不同的玩家附属数量。该盟友无需资源匹配。",,,,,,,,
罗马尼安的荒野,9,战术,,紫杉木弓,,附属,,0,,,,,,,"物品.
武器.",,,√,,,,,,,"附属到一名谷地或战士角色上。限制.
响应：在所附属角色被宣告为攻击者后，横置紫杉木弓以对防御敌军造成1点伤害。",攻击,,,,,,,
罗马尼安的荒野,10,学识,,罗马尼安地图,,附属,,1,,,,,,,物品.,,,,,,,,,,"附属到一名谷地或斥候角色上。每名角色限制1张。
响应：在指派所附属角色参与执行任务后，放置1枚进度标记到激活地区上。",任务,,,,,,,
罗马尼安的荒野,11,中立,,吉瑞安的项链,,附属,*,1,,,,,,,"宝物.
物品.",,,,,,,,,,"守护（敌军或地区）.
附属到一名英雄上。
所附属英雄获得+2【意志力】并在资源阶段额外收集1枚资源标记。",,,,,,,,
罗马尼安的荒野,12,领导,,谷地的运输,,事件,,1,,,,,,,,,,,,,,,,,计划行动：选择一名你控制的谷地英雄。你每控制一名具有玩家附属的角色，增加1枚资源标记到该英雄的资源池中。每回合你只能打出一张谷地的运输。,,,,,,,,
罗马尼安的荒野,13,精神,,拿起武器！,,事件,,0,,,,,,,,,,,,,,,,,行动：选择一名具有玩家附属的盟友。重置该盟友。,,,,,,,,
罗马尼安的荒野,14,战术,,北方的英勇,,事件,,0,,,,,,,,,,,,,,,,,响应：在一名角色被宣告攻击或防御一个具有附属的敌军时。该角色获得+3【攻击力】和+3【防御力】直到本次攻击结束。,攻击防御,,,,,,,
罗马尼安的荒野,15,学识,,以货易货,,事件,,0,,,,,,,,,,,,,,,,,计划行动：选择你控制的一名角色上的一个重置的玩家附属。将该附属返回其拥有者的手牌以降低本阶段下一张打出的附属牌X点费用，X等于所选择的附属的费用。,,,,,,,,
凋谢荒地,1,战术,,长老郁比翁,,英雄,*,,11,0,3,3,5,,比翁一族. 战士.,,,,,,,,,比翁一族,响应：在长老郁比翁防御一次攻击后，从他的资源池中花费1枚资源标记以宣告他为攻击者攻击该敌军（并结算本次攻击）。防御敌军在本次攻击中获得-2【防御力】。,,,,,,,,
凋谢荒地,2,领导,,伊斯加守卫,,盟友,,2,,1,1,1,1,,谷地.,,,,,,,,,谷地,每有一种不同的玩家牌附属在伊斯加守卫上，其获得+1【意志力】，+1【攻击力】和+1【防御力】。（最多各+3。）,,,,,,,,
凋谢荒地,3,领导,,扈从头盔,,附属,,1,,,,,,,"物品.
防具.",,,√,,,,,,,"附属到一名盟友上。限制.
每名盟友限制一张。
所附属盟友获得+2生命值。",,,,,,,,
凋谢荒地,4,学识,,被砍伐的空地,,附属,,0,,,,,,,状态.,,,,,,,,,,"附属到一个地区上。每个地区限制一张。
响应：当所附属地区作为已探索地区离场后，起始玩家降低3点威胁等级。",,,,,,,,
凋谢荒地,5,学识,,隐藏的小路,,事件,,2,,,,,,,,,,,,,,,,,响应：在任务阶段开始时，从遭遇牌组顶端五张卡牌中搜寻一个地区并将其作为激活地区，将之前的激活地区返回场景区。然后，本阶段少展示一张遭遇牌（最少0张）。将遭遇牌组洗牌。,,,,,,,,
凋谢荒地,6,战术,,比翁换皮人,,盟友,,2,,1,1,1,3,,比翁一族.,,,,,,,,,比翁一族,战斗行动：选择你手牌或弃牌堆中一个具有3或更多印刷费用的比翁一族盟友。弃除比翁换皮人并将该盟友放置进场。,,,,,,,,
凋谢荒地,7,战术,,比翁之怒,,事件,,1,,,,,,,,,,,,,,,,,响应：在一名比翁一族角色被宣告为针对一个敌军的攻击者或防御者后，该敌军获得-2【攻击力】和-2【防御力】直到本阶段结束。,攻击,,,,,,,
凋谢荒地,8,精神,,长湖渔夫,,盟友,,2,,1,1,0,2,,谷地.,,,,,,,,,谷地,响应：在长湖渔夫进场后，指定一个数字。然后，从你牌组顶端五张卡牌中搜寻一个印刷费用等于该数字的卡牌并将其加入你的手牌。将你的牌组洗牌。,,,,,,,,
凋谢荒地,9,精神,,灰斗篷,,附属,,0,,,,,,,物品.,,,,,,,,,,"附属到一名【精神】或斥候角色上。每名角色限制一张。
遭遇行动：横置所附属角色并弃除灰斗篷以选择场景区一个非独有敌军。该敌军本阶段不对你作交锋检定。",,,,,,,,
凋谢荒地,10,中立,,阿肯宝石,,附属,*,1,,,,,,,"宝物.
物品.",,,,,,,√,,,"守护（敌军或地区）.
附属到一名英雄上。
每名你控制的独有角色获得+1【意志力】。
行动：降低你2点威胁等级以将阿肯宝石附属到另一位玩家控制的一名英雄上并上升该玩家2点威胁等级。（每个回合限制一次。）",,,,,,,,
漫游罗马尼安,26,学识,,哈丹,,英雄,*,,10,2,3,1,4,,"樵夫.
斥候.",,,,,,,,,,"当激活地区上有附属时，哈丹参与执行任务无需横置。
响应：当激活地区探索完毕后，其上每有一个附属，补一张牌。",任务,,,,,,,
漫游罗马尼安,27,领导,,威耶拉夫,,盟友,*,5,,2,2,1,3,,"谷地.
斥候.
战士.",,,,,,,,,谷地,"响应：在你打出威耶拉夫后，从你手牌中免费为其打出一张物品附属。
行动：横置威耶拉夫上的一个附属以重置他。（每个阶段限制一次。）",,,,,,,,
漫游罗马尼安,28,领导,,祖传盔甲,,附属,,4,,,,,,,"物品.
防具.",,,√,,,,,,,"附属到一名【领导】或贵族角色上。限制.
每名角色限制一张。
所附属角色获得+2【防御力】和+2生命值。",防御,,,,,,,
漫游罗马尼安,29,学识,,格兰瑞,,附属,*,1,,,,,,,"宝物.
物品.
武器.",,,√,,,,√,,,"限制.
守护（敌军或地区）.
附属到一名英雄或甘道夫上。
所附属角色获得+2【攻击力】。
响应：在所附属角色消灭一个敌军后，补一张牌。",攻击,,,,,,,
漫游罗马尼安,30,学识,,樵夫之道,,附属,,1,,,,,,,状态.,,,,,,,,,,"附属到一个其上没有进度标记的地区上。
当所附属地区是激活地区时，将其任务点降低至1。",任务,,,,,,,
漫游罗马尼安,31,战术,,曼奈多,,盟友,*,3,,2,2,1,2,,"生物.
巨鹰.",,,,,,,,,巨鹰,"不受""限制""附属。
响应：在曼奈多进程或离场后，放置2枚进度标记到一个地区上。",,,,,,,,
漫游罗马尼安,32,战术,,巨鹰的飞翔,,事件,,0,,,,,,,,,,,,,,,,,行动：将一个巨鹰盟友返回你的手牌以将一个放置在一旁的北方的巨鹰洗入遭遇牌组。然后，将巨鹰的飞翔移出游戏。,,,,,,,,
漫游罗马尼安,33,精神,,野生种马,,盟友,,2,,1,1,1,1,,生物.,,,√,,,,,,,"不受附属。
计划行动：将野生种马附属到你控制的一名盟友上。（视为一个坐骑附属，规则文字：“限制.每名盟友限制一张。所附属盟友获得+1【意志力】，+1【攻击力】，+1【防御力】和+1生命值。”）",,,,,,,,
漫游罗马尼安,34,精神,,往南走！,,事件,,0,,,,,,,,,,,,,,,,,探索行动：选择场景区一个具有玩家卡牌附属的地区并使其成为激活地区，将之前的激活地区返回场景区。降低每位玩家X点威胁等级，X等于激活地区上附属牌的数量。,,,,,,,,
漫游罗马尼安,35,中立,,北方的巨鹰,,盟友,,-,,2,3,1,3,,"生物.
巨鹰.",,,,,,√,,,巨鹰,"遭遇. 涌现.
不受""限制""附属。
展示后：起始玩家选择一位玩家获得北方的巨鹰的控制权。被选择的玩家可以选择并弃除场景区一个非独有敌军。",,,,,,,,
夜火,56,领导,,瑟兰督伊,,英雄,*,,9,1,1,3,4,,西尔凡精灵.贵族.,,,,,,,,,西尔凡精灵,战斗行动：从你的手中打出一个西尔凡精灵盟友，无需资源匹配。（每个回合限制一次。）,,,,,,,,
夜火,57,领导,,精灵国王,,附属,*,1,,,,,,,头衔.,,,,,,,,,,"附属到一名西尔凡精灵英雄上。
行动：横置精灵国王并将一名你控制的西尔凡精灵盟友返回你的手牌以重置所附属英雄。",,,,,,,,
夜火,58,领导,,欧克力斯特,,附属,*,1,,,,,,,"宝物.
物品.
武器.",,,√,,,,√,,,"守护（敌军或地区）.
附属到一名英雄上。限制.
所附属英雄获得+2【攻击力】。
响应：在所附属英雄消灭一个敌军后，增加1枚资源标记到所附属英雄的资源池中。",攻击,,,,,,,
夜火,59,学识,,森林大道旅客,,盟友,,2,,1,1,1,2,,"樵夫.
斥候.",,,,,,,,,,激活地区上每有一个附属，森林大道旅客获得+1【意志力】，+1【攻击力】和+1【防御力】。,,,,,,,,
夜火,60,学识,,皮靴,,附属,,1,,,,,,,物品.,,,,,,,,,,"附属到一名【学识】或游侠角色上。每名角色限制一张。
响应：在一个地区从遭遇牌组展示后，横置皮靴以重置所附属角色。",,,,,,,,
夜火,61,战术,,巨熊,,盟友,,5,,0,4,3,4,,生物.比翁一族.,,,,,,,,,比翁一族,"不受附属。
行动：重置巨熊。在触发本效果的阶段结束时，将巨熊洗入你的牌组。（每个阶段限制一次。）",,,,,,,,
夜火,62,战术,,技高一筹,,附属,,1,,,,,,,"状态.
陷阱.",,,,,,,,,,"以未附属状态打出到你的游戏区域中。
如果未附属，附属到下一个与你交锋的合理的敌军上。
响应：在所附属敌军结算其攻击后，重置防御角色。",,,,,,,,
夜火,63,精神,,加立安,,盟友,*,0,,0,0,0,1,,西尔凡精灵.,,,,,,,,,西尔凡精灵,"不能攻击或防御。
响应：在加立安进场后，他获得+1【意志力】直到本回合结束。",,,,,,,,
夜火,64,精神,,迅雷不及掩耳之势,,事件,,0,,,,,,,,,,,,,,,,,响应：将一名你控制的西尔凡精灵盟友返回你的手牌以取消战斗中刚触发的一个暗影效果。,,,,,,,,
夜火,65,中立,,沙理安,,盟友,*,4,,2,2,2,3,,登丹人.游侠.,,,,,,,,,登丹人,"当胜利点计数区有分支任务时，在战斗阶段开始时重置沙理安。
当胜利点计数区有至少三个分支任务时，沙理安失去盟友牌类型，获得英雄牌类型和胜利点计数区分支任务的所有资源符号。",,,,,,,,
佛兰斯堡的鬼魂,84,精神,,丹恩·铁足,,英雄,*,,11,1,2,3,5,,矮人.贵族.战士.,,,,,,,,,矮人,当丹恩·铁足防御时，他获得:“行动：弃除你牌组顶端卡牌以在本次攻击中获得+1【防御力】。（每个阶段限制三次。）”,防御,,,,,,,
佛兰斯堡的鬼魂,85,领导,,依鲁伯士兵,,盟友,,5,,0,3,3,3,,矮人.战士.,,,,,,,,,矮人,行动：弃除你牌组顶端的三张卡牌以重置依鲁伯士兵。（每个回合限制一次。）,,,,,,,,
佛兰斯堡的鬼魂,86,领导,,守卫城墙,,事件,,0,,,,,,,,,,,,,,,,,"当本回合没有其他守卫城墙被打出时，才能打出。
计划行动：每位玩家本阶段打出的下一个盟友费用降低1点。这些盟友本回合不能参与执行任务。",,,,,,,,
佛兰斯堡的鬼魂,87,学识,,幽暗密林猎人,,盟友,,4,,2,2,2,3,,樵夫.游侠.,,√,,,,,,,,激活地区上每有一个附属，打出幽暗密林猎人的费用降低1点。,,,,,,,,
佛兰斯堡的鬼魂,88,学识,,熟悉的土地,,事件,,1,,,,,,,,,,,,,,,,,行动：每个具有附属的地区获得-2【威胁值】直到本阶段结束。,任务,,,,,,,
佛兰斯堡的鬼魂,89,战术,,战士之剑,,附属,,1,,,,,,,"物品.
武器.",,,,,,,,,,"附属到一名【战术】或战士角色上。每名角色限制一张。限制.
每有一个敌军与你交锋，所附属角色获得+1【攻击力】。（最多+3【攻击力】。）",攻击,,,,,,,
佛兰斯堡的鬼魂,90,战术,,迅捷有力,,事件,,1,,,,,,,歌谣.,,,,,,,,,,响应：在一名你控制的角色攻击并消灭一个敌军后，横置该角色上的一个武器附属以重置该角色并使其在本阶段下次攻击中获得+2【攻击力】。,攻击,,,,,,,
佛兰斯堡的鬼魂,91,精神,,吉瑞安的后代,,盟友,,4,,2,2,2,2,,谷地.,,,,,,,,,谷地,当打出物品附属到吉瑞安的后代上时，降低其1点费用。,,,,,,,,
佛兰斯堡的鬼魂,92,精神,,英勇决心,,附属,,2,,,,,,,状态.,,,,,,,,,,"附属到一名盟友上。
指派所附属盟友执行任务时无需横置。",,,,,,,,
佛兰斯堡的鬼魂,93,中立,,索尔之戒,,附属,*,1,,,,,,,宝物.戒指.,,,,,,,,,,"守护（敌军或地区）.
附属到一名矮人英雄上。
行动：横置索尔之戒并弃除你牌组顶端卡牌以重置所附属英雄。如果所弃除卡牌是附属，将其放置进场。",,,,,,,,
刚达巴山,112,战术,,比尔博·巴金斯,,英雄,*,,9,1,1,2,2,,哈比人. 飞贼.,,,,,,,,,哈比人,响应：在比尔博·巴金斯参与执行任务后，选择场景区的一个敌军。直到本阶段结束，比尔博·巴金斯获得+X【意志力】，X等于该敌军的【威胁值】。如果玩家任务成功，对该敌军造成1点伤害（如果它正在守护一张卡片，则以2点伤害代替）。,任务,,,,,,,
刚达巴山,113,领导,,巨绿森防御者,,盟友,,3,,0,0,2,3,,西尔凡精灵.战士.,,,,,,,,,西尔凡精灵,响应：在巨绿森防御者进场后，其防御时无需横置直到本回合结束。,防御,,,,,,,
刚达巴山,114,领导,,精灵引路人,,事件,,0,,,,,,,,,,,,,,,,,行动：将一个你控制的西尔凡精灵盟友返回你的手牌以选择一名英雄。增加1枚资源标记到该英雄的资源池中。,,,,,,,,
刚达巴山,115,学识,,老詹吉,,盟友,*,2,,1,1,0,2,,哈比人.,,,,,,,,,哈比人,战斗行动：将老詹吉返回你的手牌以选择一个与你交锋且交锋值高于你威胁等级的敌军。直到本回合结束，该敌军不能攻击你。,,,,,,,,
刚达巴山,116,学识,,祝酒歌,,事件,,0,,,,,,,歌谣.,,,,,,,,,,行动：将你的手牌洗入牌组。然后，补相同数量的卡牌。如果你控制一名独有哈比人角色，则额外补一张牌。,,,,,,,,
刚达巴山,117,战术,,刺针,,附属,*,0,,,,,,,"宝物.
物品.
武器.",,,√,,,,√,,,"守护（敌军）.
附属到一名哈比人英雄上。限制.
所附属英雄获得+1【意志力】，+1【攻击力】和+1【防御力】。
响应：在所附属角色被宣告为对一个敌军的攻击者或防御者后，对该敌军造成1点伤害。",攻击,,,,,,,
刚达巴山,118,战术,,圆盾,,附属,,0,,,,,,,物品.防具.,,,√,,,,,,,"附属到一名角色上。限制.
响应：在所附属角色防御且触发暗影效果后，横置圆盾以使所附属角色在本次攻击中获得+2【防御力】。",防御,,,,,,,
刚达巴山,119,精神,,依鲁伯玩具匠,,盟友,,3,,2,0,0,2,,矮人.工匠.,,,,,,,,,矮人,响应：在你从手牌打出依鲁伯玩具匠后，降低2点你本阶段打出的下一张附属的费用。,,,,,,,,
刚达巴山,120,精神,,依鲁伯护具,,附属,,2,,,,,,,物品.防具.,√,,√,,,,,,,"限制
附属到一名谷地或矮人角色上。
所附属角色获得+1【防御力】并获得“警戒”。",防御,,,,,,,
刚达巴山,121,中立,,夏尔居民,,事件,,0,,,,,,,,,,,,,,,,,"当你控制的每名角色均为哈比人时，才能打出。
行动：降低4点你的威胁等级。",,,,,,,,
荒原的命运,145,学识,,瑞达加斯特,,英雄,*,,11,2,2,3,4,,巫师.,,,,,,,,,巫师,"你可以使用瑞达加斯特资源池中的资源以支付任意派系生物盟友的费用。
响应：在你打出一张生物牌后，瑞达加斯特本回合参与执行任务无需横置。",任务,,,,,,,
荒原的命运,146,领导,,信鸦,,盟友,,1,,1,0,0,1,,生物.,,,,,,,,,,"信鸦不能攻击或防御。不受附属。
恢复行动：将信鸦返回其拥有者的手牌并指定一种卡牌类型。选择一位玩家查看其牌组顶端卡牌。如果该卡牌是所指定的类型，将其加入拥有者的手牌。如果不是，将其丢弃。",,,,,,,,
荒原的命运,147,领导,,国王归来,,事件,,0,,,,,,,歌谣.,,,,,,,,,,行动：从你的牌组搜寻一个守护附属并将其放置进场。将你的牌组洗牌。,,,,,,,,
荒原的命运,148,学识,,忠诚的猎犬,,盟友,,2,,1,2,0,2,,生物.,,,,,,,,,,"不受附属。
响应：弃除忠诚的猎犬以取消最多2点刚分配到你控制的一名英雄上的伤害。",,,,,,,,
荒原的命运,149,学识,,大规模的狩猎,,事件,,3,,,,,,,,,,,,,,,,,"你必须使用来自三名不同英雄的资源池的资源打出本卡牌。
战斗行动：选择并弃除场景区一个非独有敌军。",,,,,,,,
荒原的命运,150,战术,,临水路警卫,,盟友,,2,,1,1,1,2,,哈比人.警卫.,,,,,,,,,哈比人,当你与一个交锋值高于你威胁等级的敌军交锋时，临水路警长获得+1【意志力】，+1【攻击力】和+1【防御力】。,,,,,,,,
荒原的命运,151,战术,,关赫的恩情,,事件,,1,,,,,,,,,,,,,,,,,"当你控制一名具有巫师属性的独有角色和另一名具有巨鹰属性的独有角色时，才能打出。
行动：从你牌组顶端五张卡牌中搜寻一个巨鹰或巫师盟友并将其放置进场。在回合结束时，如果该盟友依然在场，将其返回你的手牌。",,,,,,,,
荒原的命运,152,精神,,秘银衫,,附属,*,1,,,,,,,宝物.物品.防具.,,,,,,,√,,,"守护（地区）
附属到一名英雄上。
响应：当所附属英雄受到任意数量的伤害时，降低1点所受到的伤害。",,,,,,,,
荒原的命运,153,精神,,重铸,,事件,,X,,,,,,,,,,,,,,,,,行动：选择一个在任意玩家弃牌堆中具有X点印刷费用的附属，免费打出该附属。（所选择的附属可隶属于任意派系。）,,多人,,,,,,
荒原的命运,154,中立,,瑞达加斯特的手杖,,附属,*,2,,,,,,,宝物.物品.手杖.,,,,,,,,,,"附属到瑞达加斯特上。
行动：横置瑞达加斯特的手杖以选择其一：降低2点你本阶段打出的下一张生物盟友费用，重置一名生物盟友，或将一个与你交锋的非独有生物敌军返回场景区。",,,,,,,,
东方魔影,1,,,至尊魔戒,,附属,*,,,,,,,,宝物.戒指.主人.,,,√,,,,,,,"限制.免疫非主人卡牌效果。
布置：附属到你控制的一名英雄上并从你的牌组中搜寻一张主人卡牌。将其加入你的手牌并重洗你的牌组。你的淘汰威胁等级降低5点。
如果至尊魔戒离场，玩家游戏失败。",,,,,,,,
东方魔影,2,领导,,佛罗多·巴金斯,,英雄,*,,7,2,1,2,2,,哈比人.,,,,,,,,,哈比人,响应：在佛罗多·巴金斯参与执行任务后，从他的资源池中花费1资源以重置另一名参与执行任务的独有角色。如果本次任务成功，降低1点你的威胁等级。,任务,,,,,,,
东方魔影,3,领导,,梅里,,盟友,*,2,,2,0,0,2,,哈比人.,,,,,,,,,哈比人,响应：在梅里进场后，你控制的每名独有盟友获得+1【意志力】直到回合结束。,,,,,,,,
东方魔影,4,战术,,皮聘,,盟友,*,2,,2,0,0,2,,哈比人.,,,,,,,,,哈比人,"当攻击交锋值高于你威胁等级的敌军时，皮聘获得+2【攻击力】。
响应：在你与一个交锋值高于你威胁等级的敌军交锋后，重置皮聘。",攻击,,,,,,,
东方魔影,5,学识,,法拉墨,,盟友,*,4,,2,1,2,3,,刚铎.贵族.游侠.,,,,,,,,,刚铎,响应：在法拉墨进场后，选择场景区一个非独有敌军。与该敌军交锋并对其造成2点伤害（如果其上有附属，则以4点伤害代替）。,攻击,,,,,,,
东方魔影,6,精神,,迪鲁芬,,盟友,*,3,,1,2,1,2,,刚铎.战士.,,√,,,,,,,刚铎,"远攻.
响应：在迪鲁芬参与一次攻击并消灭一名与玩家交锋的敌军后，弃除迪鲁芬以降低交锋玩家X点威胁等级，X等于被消灭敌军的印刷【威胁值】。",,,,,,,,
东方魔影,7,领导,,风暴聚集,,事件,,0,,,,,,,,,,,,,,,,,计划行动：从遭遇牌组顶端五张卡牌搜寻一个敌军。将该敌军加入场景区以使你本阶段打出的第一名盟友费用降低X点，X等于该敌军的【威胁值】。将遭遇牌组洗牌。,,,,,,,,
东方魔影,8,学识,,摆脱追击,,附属,,1,,,,,,,状态.,,,,,,,,,,"附属到激活地区。每个地区限制一张。
所附属地区获得+2任务点。
响应：在所附属地区探索完毕后，从遭遇牌组弃牌直到一个地区被弃除。将该地区加入场景区以选择场景区一个非独有敌军并将其洗入遭遇牌组。",任务,,,,,,,
东方魔影,9,中立,,主宰之戒,,事件,,0,,,,,,,主人.,,,,,,,,,,响应：横置至尊魔戒并上升1点你的威胁等级以取消从遭遇牌组展示的一张遭遇牌的效果。然后，展示一张遭遇牌。,,,,,,,,
东方魔影,10,中立,,统御之戒,,事件,,0,,,,,,,主人.,,,,,,,,,,战斗行动：横置至尊魔戒并上升1点你的威胁等级以选择一个与你交锋的非戒灵敌军。直到本阶段结束，该敌军不能攻击你。,,,,,,,,
东方魔影,11,中立,,力量之戒,,事件,,0,,,,,,,主人.,,,,,,,,,,行动：横置至尊魔戒并上升1点你的威胁等级以重置附属至尊魔戒的英雄。该英雄获得+1【意志力】，+1【攻击力】和+1【防御力】直到本阶段结束。,,,,,,,,
东方魔影,72,学识,,史麦戈,,英雄,*,,3,2,2,2,3,,咕鲁.,,,,,,,,,,"不受附属.
布置：将两张肮脏鬼洗入遭遇牌组。
响应：在你探索到一个地区后，上升1点你的威胁等级以补一张卡牌。",,,,,,,,
东方魔影,74,,,远征队,,约定,,,,,,,,,,,,,,,,,,,"A面：
你不能打出或放置非独有盟友进场。
强制：当你控制正好九名独有角色时，将本卡牌翻面。
B面：
你不能打出或放置非独有盟友进场。
你控制的每名角色获得+1【意志力】，+1【攻击力】和+1【防御力】。
强制：在你控制的一名角色离场后，将本卡牌翻面。",,,,,,,,
愤怒和毁灭,1,战术,,索林·石盔,,英雄,*,,9,1,3,1,4,,矮人.贵族.战士.,,,,,,,,,矮人,响应：在索林·石盔宣告为攻击者后，弃除你的牌组顶牌以对一个与你交锋的敌军造成1点伤害。,攻击,,,,,,,
愤怒和毁灭,2,领导,,刚铎士兵,,盟友,,2,,1,1,1,2,,刚铎.,,,,,,,,,刚铎,响应：在刚铎士兵进场后，从你牌组顶端五张卡牌中搜寻一个刚铎盟友并加入你的手牌（如果你的威胁等级为40或更高则以任意数量的刚铎盟友代替）。将你的牌组洗牌。,,,,,,,,
愤怒和毁灭,3,领导,,王之柱,,事件,,4,,,,,,,,,,,,,,,,,"当你的威胁等级低于40时，打出王之柱的费用减少4点。
行动：将你的威胁等级设为40。如果本效果导致你的威胁等级上升，补一张卡牌（如果上升威胁等级超过10点，则补四张卡牌）。",,,,,,,,
愤怒和毁灭,4,学识,,谨慎的半身人,,盟友,,2,,1,0,1,2,,哈比人.,,,,,,,,,哈比人,响应：在谨慎的半身人进场后，查看遭遇牌组顶牌。如果该卡牌不是敌军，补一张卡牌。,,,,,,,,
愤怒和毁灭,5,学识,,汤姆·庞巴迪啦！,,事件,,2,,,,,,,歌谣.,,,,,,,,,,"只有当你控制一名哈比人英雄时才能打出。如果胜利点计数区有“汤姆·庞巴迪啦！”则不能打出本卡牌。
计划行动：将“汤姆·庞巴迪啦！”加入胜利点计数区以将一张放置在一旁的汤姆·庞巴迪洗入遭遇牌组。",,,,,,,,
愤怒和毁灭,6,战术,,都灵的斧头,,附属,*,1,,,,,,,"宝物.
物品.
武器.",,,√,,,,√,,,"守护（敌军）.限制.
附属到一名英雄上。所附属英雄获得+2【攻击力】。
响应：在所附属英雄攻击并消灭一个敌军后，对与你交锋的一个敌军造成1点伤害。",攻击,,,,,,,
愤怒和毁灭,7,战术,,冲进敌阵,,事件,,5,,,,,,,,,,,,,,,,,"只能在集结步骤后打出。
任务行动：你可以对场景区的每个非独有敌军宣告并结算一次攻击，如同其正与你交锋。",攻击,,,,,,,
愤怒和毁灭,8,精神,,银冠,,附属,,2,,,,,,,物品.,,,√,,,,,,,"附属到一名【精神】英雄上。每名英雄限制一张。
限制.
所附属英雄获得+2【意志力】。",,,,,,,,
愤怒和毁灭,9,精神,,内在强大,,附属,,1,,,,,,,主人.,,,,,,,,,,"附属到至尊魔戒所附属的英雄上。
每名英雄限制一张。所附属英雄获得+1【防御力】。
响应：当所附属英雄防御时，横置至尊魔戒并上升1点你的威胁等级以取消一个刚触发的暗影效果。",,,,,,,,
愤怒和毁灭,10,中立,,汤姆·庞巴迪,,盟友,,-,,3,3,3,6,,传说.,,,,,,√,,,,"遭遇.
展示后：选择一位玩家。该玩家获得汤姆·庞巴迪的控制权，重置并参与执行任务。在回合结束时，将汤姆·庞巴迪和在胜利点计数区的一张“汤姆·庞巴迪啦！”移出游戏。本效果不能被取消。",,,,,,,,
愤怒和毁灭,24,,,轮到飞贼露一手了,,约定,,,,,,,,,,,,,,,,,,,"A面：
你的牌组中不能包含附属牌。
布置：从你的牌池中选择14张不同的物品或宝物附属并洗混。这是你的战利品牌组。将本卡牌翻面并将你的战利品牌组面朝下叠放到本卡牌下。
B面：
激活地区上每有一个附属就获得+1任务点。
强制：在你探索到一个地区时，将你的战利品牌组顶端卡牌面朝上附属到该地区上，如同被守护的目标。如果该附属具有“守护 X”关键词，忽略该关键词。
强制：当激活地区探索完毕时，你可以将该地区上每个被守护的附属免费放置进场，或加入你的手牌。",,,,,,,,
乌法斯特之城,27,精神,,罗西里尔,,英雄,*,,8,3,1,1,3,,刚铎.贵族.,,,,,,,,,刚铎,"如果伊欧墨在场，罗西里尔获得洛汗属性。
响应：在罗西里尔参与执行任务后，选择你手牌的一个盟友。如果该盟友与她有一个相同的属性，将该盟友放置进场，横置并参与执行任务。在本阶段结束时，如果该盟友依然在场，将其洗回你的牌组。",,,,,,,,
乌法斯特之城,28,领导,,无畏的安格柏,,盟友,*,2,,2,1,0,2,,刚铎.战士.,,,,,,,,,,当你的威胁等级为40或更高时，无畏的安格柏获得+2【攻击力】且参与执行任务无需横置。,,,,,,,,
乌法斯特之城,29,领导,,破釜沉舟,,事件,,3,,,,,,,,,,,,,,,,,行动：每位威胁等级为40或更高的玩家重置他控制的所有角色。,,,,,,,,
乌法斯特之城,30,学识,,林地哨兵,,盟友,,3,,1,1,1,2,,西尔凡精灵.,,,,,,,,,西尔凡精灵,响应：在你从手牌打出林地哨兵后，选择一个在场的敌军或地区。如果在胜利点计数区有一张同名卡牌，弃除所选择的卡牌。,,,,,,,,
乌法斯特之城,31,学识,,锐利长弓,,附属,,2,,,,,,,"物品.
武器.",,√,√,,,,,,,"附属到一名【学识】英雄上。每名英雄限制一张。
限制.
所附属英雄获得“远攻”。
响应：在所附属英雄宣告为攻击者时，弃除你最多三张手牌并对攻击目标造成等同于所弃手牌数量的伤害。",,,,,,,,
乌法斯特之城,32,战术,,战斧,,附属,,1,,,,,,,"物品.
武器.",,,√,,,,,,,"附属到一名【战术】角色上。每名角色限制一张。限制.
所附属角色上每有一张具有限制关键词的附属，其获得+1【攻击力】。",攻击,,,,,,,
乌法斯特之城,33,战术,,力量和勇气,,附属,,1,,,,,,,主人.,,,,,,,,,,"附属到至尊魔戒所附属的英雄上。
每名英雄限制一张。所附属英雄获得+1【攻击力】。
响应：在所附属英雄宣告为攻击者后，横置至尊魔戒并上升1点你的威胁等级以使所附属英雄的印刷攻击值在本次攻击中翻倍。",,,,,,,,
乌法斯特之城,34,精神,,贝尔法拉斯的骑士,,盟友,,2,,1,2,0,2,,刚铎.战士.,,,,,,,,,,响应：在贝尔法拉斯的骑士进场后，从你的弃牌堆返回一张刚铎盟友到你的手牌中。,,,,,,,,
乌法斯特之城,35,精神,,骠骑的号角,,附属,*,1,,,,,,,宝物.物品.,,,√,,,,,,,"附属到一名洛汗英雄或梅里上。限制.
响应：当一名角色离场时，如果该角色与所附属英雄至少有一个相同的属性，横置骠骑的号角以补一张卡牌。",,,,,,,,
乌法斯特之城,36,中立,,加拉顿的主人,,事件,,4,,,,,,,,,,,,,,,,,计划行动：将你控制的每名西尔凡精灵盟友返回你的手牌。然后，从你的手牌依次免费打出这些盟友。,,,,,,,,
乌法斯特之城,49,,,冲啊，三位猎手！,,约定,,,,,,,,,,,,,,,,,,,"A面：
你的牌组不能包含盟友牌。
你的每个英雄可以额外附属一张“限制”附属。
每回合你为你的每个英雄打出的第一张“限制”附属的费用减少1点。
恢复行动：如果你的每名英雄具有至少两张限制附属，将本卡牌翻面。
B面：
你的每名英雄可以额外附属一张“限制”附属。你的英雄上每有一张“限制”附属，就获得+1【意志力】。
行动：横置本卡牌以治疗你的每名英雄1点伤害。",,,,,,,,
战车民的挑战,54,学识,,萨鲁曼,,英雄,*,,13,3,4,2,4,,巫师.艾辛格.,,,,,,,,,巫师,"当一个玩家卡牌效果将会降低你任意数量的威胁等级时，将该数量降低至1点。
当你打出一张具有印刷“厄运”关键词的事件时，萨鲁曼获得印刷【领导】，【精神】，和【战术】符号。
响应：当你打出一张具有“厄运”关键词卡牌时，重置萨鲁曼。",,,,,,,,
战车民的挑战,55,领导,,统御的力量,,附属,,1,,,,,,,主人.,,,,,,,,,,"附属到至尊魔戒所附属的英雄上。
每名英雄限制一张。所附属英雄获得+1【意志力】。
响应：在所附属英雄参与执行任务后，横置至尊魔戒并上升1点你的威胁等级以使你控制的每名其他独有角色获得+1【意志力】直到本阶段结束。",,,,,,,,
战车民的挑战,56,领导,,无数的号角声！,,事件,,0,,,,,,,,,,,,√,,,,,"厄运 2.
行动：每位玩家可以从手牌将一个盟友放置进场。在本结束结束时，将这些盟友中依然在场的洗入其拥有者的牌组。",,,,,,,,
战车民的挑战,57,学识,,艾辛格士兵,,盟友,,2,,2,2,2,2,,艾辛格.,,,,,√,,,,,"厄运 2.
响应：在一位玩家因“厄运”关键词提升威胁等级后，将艾辛格士兵的控制权交给该玩家。",,,,,,,,
战车民的挑战,58,学识,,好眼力,,事件,,0,,,,,,,,,,,,√,,,,,"厄运 1.
行动：查看遭遇牌组顶端五张卡牌。将它们按原顺序放回。",,,,,,,,
战车民的挑战,59,战术,,诺力,,盟友,*,3,,1,2,1,2,,矮人.,,,,,,,,,矮人,响应：在诺力参与一次攻击并消灭一个敌军后，将你弃牌堆顶端卡牌放到你的牌组底端。,,,,,,,,
战车民的挑战,60,战术,黄金腰带,金色的腰带,,附属,,0,,,,,,,,,,,,,,,,,"附属到一名英雄上。每名英雄限制一张。
所附属英雄可以额外附属一个“限制”附属。",,,,,,,,
战车民的挑战,61,精神,,洛汗斥候,,盟友,,2,,1,1,0,2,,"洛汗.
斥候.",,,,,,,,,洛汗,行动：弃除洛汗斥候以选择场景区一个非独有敌军。该敌军本回合不对你进行交锋检定。,,,,,,,,
战车民的挑战,62,精神,,洛汗全军集结,,事件,,4,,,,,,,,,,,,,,,,,"当支付洛汗全军集结费用时，你的每名洛汗英雄视为拥有【精神】符号。
计划行动：从你牌组顶端十张卡牌搜寻最多4名洛汗盟友放置进场。将你的牌组洗牌。如果回合结束这些盟友依然在场，将其弃除。",,,,,,,,
战车民的挑战,63,中立,,萨鲁曼的手杖,,附属,*,2,,,,,,,宝物.物品.手杖.,,,√,,,,,,,"附属到萨鲁曼上。限制.
行动：横置萨鲁曼的手杖以（选择其一）：降低2点你本阶段打出的下一张“厄运 X”的X值，或从你牌组顶端五张卡牌中搜寻一个“厄运”事件，加入你的手牌并洗混你的牌组。",,,,,,,,
战车民的挑战,74,,,灰袍圣徒,,约定,,,,,,,,,,,,,,,,,,,"A面：
你不能选择超过一名起始英雄。
布置：从你的牌组搜寻一个印刷费用为1的附属并放置进场。然后，将本卡牌翻面。
B面：
每个计划阶段你打出的第一张非独有卡牌无需资源匹配。
行动：横置本卡牌并上升1点你的威胁等级以（选择其二）：重置你的起始英雄，增加2枚资源标记到你的起始英雄的资源池中，或治疗你的起始英雄3点伤害。",,,,,,,,
灰烬山下,81,领导,,吉尔多·印格洛瑞安,,英雄,*,,9,3,2,1,3,,诺多精灵. 贵族.,,,,,,,,,诺多精灵,行动：从吉尔多·印格洛瑞安的资源池种花费1资源以选择一位玩家补一张牌（每回合限一次。）,,,,,,,,
灰烬山下,82,领导,,流浪的流亡者,,盟友,,3,,2,2,0,2,,诺多精灵.,,,,,,,,,诺多精灵,响应：在流浪的流亡者参与执行任务后，弃除你一张手牌以重置流浪的流亡者。,,,,,,,,
灰烬山下,83,领导,,勇猛之剑,,附属,,1,,,,,,,"物品.
武器.",,,√,,,,,,,"附属到一名贵族英雄上。每名英雄限制一张。
限制.
所附属英雄获得+1【攻击力】（如果你的威胁等级为40或更高，则以+2【攻击力】代替）。",攻击,,,,,,,
灰烬山下,84,学识,,爱洛斯提理安之石,,附属,*,1,,,,,,,宝物.物品.,,,√,,,,√,,,"守护（地区）. 限制.
附属到一名英雄上。所附属英雄获得+2【意志力】。
资源阶段你额外补一张牌。",,,,,,,,
灰烬山下,85,学识,,养身有术,,附属,,1,,,,,,,主人.,,,,,,,,,,"附属到至尊魔戒所附属的英雄上。
每名英雄限制一张。所附属英雄获得+1生命值。
响应：回合开始时，横置至尊魔戒并上升1点你的威胁等级以治疗所附属英雄上的所有伤害。",,,,,,,,
灰烬山下,86,战术,,北方的神射手,,盟友,,1,,0,2,0,1,,登丹人.游侠.,,√,,,,,,,登丹人,"远攻.
除非你与一个敌军交锋，否则你不能从手牌打出北方的神射手。",,,,,,,,
灰烬山下,87,战术,,鲁莽攻击,,事件,,0,,,,,,,,,,,,√,,,,,"厄运 2.
行动：每位玩家对一个与他交锋的敌军造成2点伤害。",,,,,,,,
灰烬山下,88,精神,,傲多·傲脚,,盟友,*,2,,1,1,1,2,,哈比人.,,,,,,,,,哈比人,响应：在傲多·傲脚进场后，从你牌组顶端五张卡牌搜寻一名哈比人盟友并加入你的手牌。将其余卡牌洗回你的牌组。,,,,,,,,
灰烬山下,89,精神,,力挽狂澜,,事件,,0,,,,,,,,,,,,√,,,,,"厄运 2.
行动：每位玩家可以重置一名他控制的角色。",,,,,,,,
灰烬山下,90,中立,,摘下头盔,,事件,,4,,,,,,,,,,,,,,,,,"每套牌组限制一张。
行动：选择一名你控制的英雄并弃除其上所有的资源标记。从你的收藏中选择一名初始威胁等于或低于所选择英雄的不同的非【远征】、非【巴金斯】派系英雄。将上述英雄互换，并将所有合法附属和伤害标记移动到新英雄上。",,,,,,,,
灰烬山下,91,,,贤者会议,,约定,,,,,,,,,,,,,,,,,,,"你的牌组中同名牌限1张。
响应：在你从手牌打出一张事件牌后，选择其一：降低1点你的威胁等级，补一张牌，或增加1枚资源标记到你的英雄的资源池中。每回合每个选项只能选择一次。",,,,,,,,
悲伤之地,108,战术,,关赫,,英雄,*,,13,2,4,3,4,,"生物.
巨鹰.",√,√,,,,,,,巨鹰,"远攻. 警戒.
不受限制附属。关赫在恢复阶段不会重置。
响应：在一名巨鹰盟友进场或离场后，重置关赫。（每个阶段限制一次。）",,,,,,,,
悲伤之地,109,领导,,哈比人弓箭手,,盟友,,2,,1,1,0,2,,哈比人.弓箭手.,,√,,,,,,,哈比人,"远攻.
当哈比人弓箭手攻击交锋值高于你的威胁等级的敌军时，其获得+1【攻击力】。",,,,,,,,
悲伤之地,110,领导,,西境红皮书,,附属,*,3,,,,,,,宝物.物品.,,,√,,,,,,,"附属到一名哈比人英雄上。限制.
当所附属英雄参与执行任务时，每名哈比人角色获得+1【意志力】。
响应：在你执行任务成功后，横置西境红皮书以增加1枚资源标记到所附属角色的资源池中。",任务,,,,,,,
悲伤之地,111,学识,,谷地信使,,盟友,,2,,1,1,1,2,,谷地.,,,,,,,,,谷地,响应：在谷地信使进场后，选择一位玩家。该玩家控制的每名具有玩家卡牌附属的角色治疗1点伤害。,,,,,,,,
悲伤之地,112,学识,,治疗之歌,,附属,,0,,,,,,,歌谣.,,,,,,,,,,"附属到一名英雄上。每名英雄限制一张。
行动：弃除你一张手牌以从所附属英雄上治疗1点伤害。任一玩家可触发本效果。",,,,,,,,
悲伤之地,113,战术,,巨鹰使者,,盟友,,2,,2,1,0,2,,"生物.
巨鹰.",,,,,,,,,巨鹰,"不受限制附属。
强制：在巨鹰使者执行任务成功后，支付1资源或将其弃除。",,,,,,,,
悲伤之地,114,战术,,比尔博的计划,,事件,,0,,,,,,,,,,,,,,,,,响应：在你攻击并消灭一个敌军后，将遭遇弃牌堆洗回遭遇牌组并从遭遇牌组弃牌直到一个敌军被弃除。将该敌军加入场景区以弃除一个【威胁值】等于或低于该敌军【威胁值】的非独有地区。,,,,,,,,
悲伤之地,115,精神,,备用烟斗,,附属,,1,,,,,,,物品.烟斗,,,,,,,,,,"附属到一名角色上。
所附属角色获得+1生命值。
响应：在你打出备用烟斗后，从你的牌组顶端五张卡牌搜索一个事件并加入你的手牌。重洗你的牌组。",,,,,,,,
悲伤之地,116,精神,,边抽烟边思考,,事件,,0,,,,,,,,,,,,,,,,,行动：你每控制一个烟斗，你打出的下一张牌费用减少1点。,,,,,,,,
悲伤之地,117,中立,,威尔亚多,,盟友,*,1,,1,3,2,3,,"生物.
巨鹰.",√,√,,,,,,,巨鹰,"远攻. 警戒.
不受限制附属。
强制：回合结束时，弃除威尔亚多，除非所有玩家作为一组支付1资源。",,,,,,,,
悲伤之地,134,,,国王的信使,,约定,,,,,,,,,,,,,,,,,,,"A面：
在布置阶段你不能选择超过2名英雄。
布置：从你的牌组选择一个非中立独有盟友并放置进场。将该盟友的印刷【意志力】，【攻击力】，【防御力】和生命值加入你的起始威胁等级。然后，将本卡牌翻面并附属到该盟友上。
B面:
所附属盟友失去盟友牌类型并获得英雄牌类型。
所附属角色每个阶段不能被重置超过一次。
当国王的信使所附属角色在场时，其免疫卡牌效果。
如果所附属角色离场，将国王的信使从游戏中移除。",,,,,,,,
诺恩要塞,137,精神,,亚拉冈,,英雄,*,,12,2,3,2,5,,登丹人.游侠.斥候.,√,,,,,,,,登丹人,"警戒.
行动：横置亚拉冈以选择场景区一个地区。直到本阶段结束，该地区获得-X【威胁值】，X等于亚拉冈的【意志力】。如果本效果将地区的【威胁值】降低至0，放置1枚进度标记到其上。（每回合限制一次。）",,,,,,,,
诺恩要塞,138,领导,,闪亮的盾牌,,附属,,1,,,,,,,物品.防具.,,,√,,,,,,,"附属到一名贵族英雄上。每位英雄限制一张。
限制.
所附属英雄获得+1【防御力】（如果你的威胁等级为40或更高则以+2【防御力】代替）。",防御,,,,,,,
诺恩要塞,139,领导,,了解敌军,,事件,,0,,,,,,,,,,,,,,,,,计划行动：选择一名你控制的英雄。你每交锋一个敌军就增加1枚资源标记到其资源池中。你每回合只能打出一张了解敌军。,,,,,,,,
诺恩要塞,140,学识,,哈丽丝,,盟友,*,4,,2,2,1,3,,"樵夫.
斥候.",,,,,,,,,,响应：在哈丽丝参与执行任务成功后，从你牌组顶端五张卡牌搜索一个附属并加入你的手牌。重洗你的牌组。,任务,,,,,,,
诺恩要塞,141,学识,,樵夫的学识,,事件,,1,,,,,,,,,,,,,,,,,行动：重置最多X名你控制的樵夫角色，X等于具有玩家牌附属的地区数量。,,,,,,,,
诺恩要塞,142,战术,,西谷枪手,,盟友,,3,,2,2,0,2,,"洛汗.
战士.",,,,,,,,,洛汗,响应：在西谷枪手参与执行任务成功后，将其弃除以选择场景区一个非独有敌军。对该敌军造成2点伤害。,任务,,,,,,,
诺恩要塞,143,战术,,不知疲倦的纯种马,,附属,,2,,,,,,,坐骑.,√,√,√,,,,,,,"附属到一名战士角色上。
限制.
所附属角色获得“远攻”和“警戒”。",,,,,,,,
诺恩要塞,144,精神,,迷雾山脉旅者,,盟友,,1,,2,0,0,1,,登丹人. 斥候.,,,,,,,,,,当你与敌军交锋时才能从手牌中打出迷雾山脉旅者。,,,,,,,,
诺恩要塞,145,精神,,绝路,,事件,,2,,,,,,,,,,,,,,,,,在集结步骤结束时，从遭遇牌组弃牌直到你弃除一个阴谋。结算其“展示后”效果以重置每名参与执行任务的你的角色。每名参与执行任务的你的角色获得+1【意志力】直到本阶段结束。,,,,,,,,
诺恩要塞,146,中立,,索龙哲尔,,附属,*,3,,,,,,,头衔.,,,,,,,,,,"附属到一名你控制的非【远征】、非【巴金斯】英雄上。
响应：在你附属索龙哲尔到一名英雄上后，从你的收藏中搜寻一个该英雄的其他非【远征】、非【巴金斯】版本并附属到索龙哲尔上。当索龙哲尔在场时，所附属英雄获得附属在其上英雄牌的文本和资源符号。如果索龙哲尔离场，将附属在其上的英雄牌从游戏中移除。",,,,,,,,
诺恩要塞,147,,,友谊的纽带,,约定,,,,,,,,,,,,,,,,,,,"你的牌组必须包含正好50张玩家牌并且包含以下四个派系各10张：【领导】、【学识】、【精神】和【战术】。你的牌组中同名卡牌数量不能超过2张。
在选择你的初始英雄时，你可以选择四名英雄而非三名。你的每名英雄必须属于不同的影响力派系。",,,,,,,,
追捕无畏号,47,,,危险的航程,,约定,,,,,,,,,,,,,,,,,,,"A面：
你的牌组下限为一百张卡牌。
你的威胁等级不能因玩家卡牌效果而降低。
行动：横置本卡牌并上升1点你的威胁等级以查看你牌组顶端两张卡牌，补其中一张并将另一张放到你的牌组底端。
强制：当你将因为达到淘汰威胁等级而被淘汰时，将本卡牌翻面以代替。
B面：
你的威胁等级不能因非约定玩家卡牌效果而降低。
你控制的英雄参与执行任务无需横置。
强制：当本卡牌翻至本面时，降低10点你的威胁等级。从你的牌组搜寻一张卡牌并将其加入你的手牌或打出，降低其3点费用。将你的牌组洗牌。",,,,,,,,
洛希尔人的誓言,,战术,,尖牙,,盟友,*,2,,1,1,1,1,,生物.,,,,,,,,,生物,"每套牌组限制1张。不受附属。
每个在场的敌军获得+1交锋值。
响应：在【尖牙】进场后，从你的牌库查找一个生物盟友并加入你的手牌。直到阶段结束，打出该盟友时无需资源匹配。将你的卡组洗牌。",,,,,,,,
洛希尔人的誓言,,战术,,利爪,,盟友,*,2,,1,1,1,1,,生物.,,,,,,,,,生物,"每套牌组限制1张。不受附属。
每个在场的敌军获得+1交锋值。
响应：在【利爪】进场后，从你的牌库查找一个生物盟友并加入你的手牌。直到阶段结束，打出该盟友时无需资源匹配。将你的卡组洗牌。",,,,,,,,
洛希尔人的誓言,,战术,,大狼,,盟友,*,2,,1,2,0,1,,生物.,,,,,,,,,生物,"每套牌组限制1张。不受附属。
每个在场的敌军获得+1交锋值。
响应：在【大狼】进场后，从你的牌库查找一个生物盟友并加入你的手牌。直到阶段结束，打出该盟友时无需资源匹配。将你的卡组洗牌。",,,,,,,,
洛希尔人的誓言,,战术,,隐藏的栖息处,,事件,,0,,,,,,,巨鹰.,,,,,,,,,,响应：当一名巨鹰盟友离场时，该盟友的控制者减少X点威胁，X等于该盟友的印刷费用。如果X未2点或更低，该玩家补一张牌。,,,,,,,,
洛希尔人的誓言,,战术,,阿尔达之下,,事件,,X,,,,,,,巨鹰.,,,,,,,,,,遭遇行动：将X名所有者为你的巨鹰盟友（由任意玩家控制）返回你的手牌。然后，将这些盟友逐一放置进场，由任意玩家控制。将【阿尔达之下】从游戏中移除。,,,,,,,,
洛希尔人的誓言,,战术,,阿切特守门人,,盟友,,3,,1,2,0,2,,布理.,,,,,,,,√,,"协同。
响应：在一次无人防御的攻击对你控制的一名英雄造成伤害后，重置【阿切特守门人】并使其获得+1【攻击力】直到阶段结束。",,,,,,,,
洛希尔人的誓言,,战术,,纳图斯隆德的遗物,,附属,,1,,,,,,,"物品.
防具.",,,√,,,,,,,"附属到一名诺多精灵或矮人角色。限制。每名角色限一张。每回合一次，你可以从弃牌堆打出【纳图斯隆德的遗物】。
所附属的角色获得+1【防御力】。
行动：弃除【纳图斯隆德的遗物】以使所附属的角色获得+2【防御力】直到本阶段结束。",,,,,,,,
洛希尔人的誓言,,战术,,继续奋战,,附属,,2,,,,,,,技能.,,,,,,,,,,"附属到一名战士英雄上。
遭遇行动：横置【继续奋战】已重置所附属英雄。",,,,,,,,
洛希尔人的誓言,,战术,,活饵,,事件,,0,,,,,,,陷阱.,,,,,,,,,,"当你控制一个未附属的陷阱附属时才能打出。
行动：选择一个在场的非独有敌军。直到回合结束，将你所选敌军的印刷文本框视为空白（属性除外）。然后，将你控制的一个未附属的陷阱附属附属至该敌军。",,,,,,,,
洛希尔人的誓言,,战术,,念兹在兹,,事件,,0,,,,,,,,,,,,,,,,,战斗行动：弃除你控制的一名洛汗盟友以选择一个敌军。对该敌军造成2点伤害（如果该盟友为独有，则改为4点伤害）。,,,,,,,,
洛希尔人的誓言,,战术,,需求刻不容缓,,事件,,4,,,,,,,,,,,,,,,,,"你每控制一名洛汗英雄，【需求刻不容缓】的打出费用就降低1点。
计划行动：从你的牌库顶的10张卡牌中查找一个印刷费用为2点或更低的卡牌（独有卡牌则改为3点或更低并放置在一旁。将你的卡组洗牌。然后，将放置在一旁的卡牌免费打出，如同其在你的手牌。",,,,,,,,
洛希尔人的誓言,,战术,,拉马斯哨兵,,盟友,,2,,0,2,1,1,,"刚铎.
战士.",,,,,,,,√,,"协同。
你控制的每名英雄资源池中都至少有1点资源时，【拉马斯哨兵】获得：“响应：取消刚分配至一名刚铎角色上的1点伤害。（每阶段限1次。）",,,,,,,,
洛希尔人的誓言,,战术,,比翁的欢迎,,附属,,1,,,,,,,恩惠.,,,,,,,,,,"仅当你控制一名比翁英雄时才能打出。附属至一名英雄。每名英雄限一张。
响应：在你所附属的英雄的资源池中阴支付打出卡牌费用以外原因而花费资源后，横置【比翁的欢迎】以增加1点资源至所附属的英雄的资源池中。",,,,,,,,
洛希尔人的誓言,,战术,,比翁的后代,,事件,,0,,,,,,,,,,,,,,,,,响应：在你控制的一名比翁盟友离场时，该盟友上每有1点伤害，就增加1点资源到比翁英雄的资源池中（至多等于该盟友的印刷生命值）。,,,,,,,,
洛希尔人的誓言,,战术,,比尔那,,盟友,*,3,,2,0,1,3,,比翁一族.,,,,,,,,,比翁一族,行动：横置【比尔那】并花费一点【战术】资源以将一个比翁盟友从你的弃牌堆放置进场。阶段结束时，如果该盟友依然在场或在你的弃牌堆，将其洗回你的牌库。,,,,,,,,
洛希尔人的誓言,,战术,,比翁小马,,盟友,,2,,1,1,1,2,,生物.比翁一族.小马.,,,,,,,,,比翁一族,"不受附属。
响应：在【比翁小马】进场后，弃除你牌库顶的5张卡牌。然后，你可以花费1点【战术】资源以将被本效果弃除的一张卡牌加入你的手牌。",,,,,,,,
洛希尔人的誓言,,战术,,制服,,附属,,1,,,,,,,状态.,,,,,,,,,,"附属到一个与你交锋的受伤敌军。每个敌军限一张。
所附属敌军获得-4【攻击力】。",,,,,,,,
洛希尔人的誓言,,战术,,北方的族长,,附属,*,1,,,,,,,头衔.,,,,,,,,,,"附属到一名游侠英雄或【亚拉冈】。所附属的角色获得战士属性。
行动：横置【北方的族长】以选择一名正在攻击且与所附属角色有一个相同属性的盟友。重置该盟友或使其在本次攻击中获得+1【攻击力】。",,,,,,,,
洛希尔人的誓言,,精神,,摸清地形,,附属,,1,,,,,,,状态.,,,,,,,,,,"附属到一个地区上。
行动：横置一名斥候角色以放置1点进度到所附属的地区上。如果该地区未因本效果探索完毕，你可以将【摸清地形】附属至另一个地区。",,,,,,,,
洛希尔人的誓言,,精神,,猎狗,,盟友,,3,,2,2,0,2,,生物.斥候.,,,,,,,,√,,"协同。不受附属。
响应：在一个有附属的地区探索完毕后，重置【猎狗】。",,,,,,,,
洛希尔人的誓言,,精神,,小汤姆,,盟友,*,1,,1,1,0,1,,哈比人.,,,,,,,,,哈比人,【小汤姆】进场的回合中，所有敌军获得+5交锋值。,,,,,,,,
洛希尔人的誓言,,精神,,四处漂泊的草药大师,,盟友,,2,,1,0,0,1,,登丹人.医者.,,,,,,,,,登丹人,响应：在一位玩家减少其威胁后，治疗你控制的一名角色1点伤害。然后，你可以将【四处漂泊的草药大师】交由另一位玩家控制。（每回合限一次。）,,,,,,,,
洛希尔人的誓言,,精神,,加文,,盟友,*,2,,1,1,0,1,,生物.斥候.,,,,,,,,,,响应：在一张没有“涌现”的遭遇卡牌展示后，横置【加文】以使卡牌获得“涌现”并增加1点资源到一名你控制的斥候英雄的资源池中。如果翻开的下一张遭遇卡牌不是地区，将其弃除，不结算其效果。,,,,,,,,
洛希尔人的誓言,,精神,,马克侍从,,盟友,,1,,0,1,0,1,,洛汗.仆人.,,,,,,,,,,响应：在你控制的一名洛汗盟友从场中弃除后，将【马克侍从】加入胜利点计数区以将该盟友以横置状态放置进场。,,,,,,,,
洛希尔人的誓言,,精神,,拉马斯守望者,,盟友,,2,,1,1,1,1,,"刚铎.
斥候.",,,,,,,,√,刚铎,"协同。
你控制的每名英雄资源池中都至少有1点资源时，【拉马斯守望者】获得+1【意志力】并且指派探险时无需横置。",,,,,,,,
洛希尔人的誓言,,精神,,希优顿,,盟友,*,3,,2,1,0,2,,洛汗.贵族.,,,,,,,,,洛汗,响应：当【希优顿】进场后，补一张牌或增加1点资源到一名贵族英雄的资源池中。,,,,,,,,
洛希尔人的誓言,,精神,,风驰电掣的骏马,,附属,,1,,,,,,,坐骑.,,,√,,,,,,,"附属到一名洛汗英雄。限制。
响应：在你控制的一名角色离场后，横置【风驰电掣的骏马】以重置所附属英雄。然后，如果离场的为独有角色，所附属的英雄获得+1【攻击力】直到回合结束。",,,,,,,,
洛希尔人的誓言,,精神,,精明的斯台多人,,盟友,,1,,1,0,0,1,,布理.,,,,,,,,,布理,响应：在一次无人防御的攻击对你控制的一名英雄造成伤害后，对攻击敌军造成1点伤害。（每阶段限1次。）,,,,,,,,
洛希尔人的誓言,,精神,,布理地区保护者,,盟友,,2,,0,2,1,2,,布理.,,,,,,,,√,布理,"协同。
响应：横置【布理地区的保护者】以取消一次攻击中刚触发的暗影效果并为攻击敌军分发另一张暗影卡牌。如果本次攻击未造成伤害，在本次攻击结束后将【布理地区的保护者】返回其所有者的手牌。",,,,,,,,
洛希尔人的誓言,,精神,,坚强的心,,事件,,,,,,,,,,,,,,,,,,,响应：取消一个在无人防御的攻击中刚触发的暗影效果。在本次攻击对一名英雄造成伤害后，该英雄的控制者可以从该英雄的资源池中花费1点资源以减少自己3点威胁。,,,,,,,,
洛希尔人的誓言,,精神,,先见之明,,附属,,2,,,,,,,状态.,,,,,,,,,,"附属到一名印刷【意志力】至少为2的英雄。
每名英雄限一张。
如果本回合未指派所附属英雄执行任务，其获得+2【防御力】。",,,,,,,,
洛希尔人的誓言,,精神,,漫游的灵魂,,盟友,,0,,0,0,0,0,,诺多精灵.灵魂.,,,,,,,,,诺多精灵,"不能进场。
行动：如果【漫游的灵魂】在你的弃牌堆，将其向上或乡下移动1或2张卡牌。然后，如果其与一张印刷费用为2点或更低的诺多精灵盟友卡牌相邻，你可以花费1点【精神】资源并将【漫游的灵魂】从游戏中移除以将该盟友放置进场。（每回合限一次。）",,,,,,,,
洛希尔人的誓言,,精神,,埃斯泰尔,,附属,*,1,,,,,,,头衔.,,,,,,,,,,"附属到一名登丹人英雄或【亚拉冈】。所附属角色获得诺多精灵属性。
行动：横置【埃斯泰尔】并弃除你的一张手牌以从你的牌库顶的X张卡牌中查找一张卡牌并加入手牌。将你的卡组洗牌。X等于你所附属角色的属性数量。",,,,,,,,
洛希尔人的誓言,,精神,,埃兰迪尔米尔,,附属,*,1,,,,,,,物品.宝物.,,,,,,,√,,,"守护（地区）
附属到一名英雄上。
所附属的角色规则文字中的“每阶段限一次”或“每回合限一次”分别更换为“每阶段限二次”或“每回合限二次”。
行动：横置【亚拉冈】以弃除守护【埃兰迪尔米尔】的地区。然后，将【埃兰迪尔米尔】附属到【亚拉冈】上。",,,,,,,,
洛希尔人的誓言,,学识,,出事了！失火了！敌军来了！,,事件,,2,,,,,,,,,,,√,,,,,,"隐匿1。仅当你未控制战士英雄时才能打出。
行动：选择一个非独有敌军和一项属性（【威胁】、【攻击力】或【防御力】）。直到本阶段结束，将所选择敌军的该项属性降低至0。",,,,,,,,
洛希尔人的誓言,,学识,,品脱,,附属,,2,,,,,,,物品.,,,,,,,,,,"仅当你控制一名独有布理角色时才能打出。
附属到一名英雄上。
行动：横置【品脱】以治疗所附属英雄1点伤害。
行动：弃除【品脱】以治疗所附属英雄5点伤害。",,,,,,,,
洛希尔人的誓言,,学识,,擅于觅食,,附属,,1,,,,,,,技能.,,,,,,,,,,"附属到一名你控制的英雄上。每位玩家限一张。
你的所有英雄均不能通过玩家卡牌效果获得资源。
行动：横置【擅于觅食】以使你本阶段打出的下一张与所附属英雄派系相匹配的卡牌费用降低1点。",,,,,,,,
洛希尔人的誓言,,学识,,半品脱,,附属,,1,,,,,,,物品.,,,,,,,,,,"附属到一名角色上。
恢复行动：弃除【半品脱】以治疗所附属角色至多2点伤害。然后，将一个物品附属从你的弃牌堆放回你的牌库顶。",,,,,,,,
洛希尔人的誓言,,学识,,布理小马,,附属,,1,,,,,,,坐骑.,,,√,,,,,,,"附属到一名布理或哈比人角色上。限制。
所附属角色获得+1【生命值】。
响应：当所附属角色因无人防御的攻击受到伤害时，横置【布理小马】以减少1点受到的伤害。",,,,,,,,
洛希尔人的誓言,,学识,,鲍伯,,盟友,*,2,,1,1,0,2,,哈比人.布理.仆人.,,,,,,,,,哈比人,响应：当【鲍伯】进场后，从你的牌库查找一个坐骑或小马卡牌并加入你的手牌。将你的卡组洗牌。,,,,,,,,
洛希尔人的誓言,,学识,,墨玟·钢泽,,盟友,*,4,,2,0,2,2,,洛汗.贵族.刚铎.,,,,,,,,,洛汗,"行动：将【墨玟·钢泽】从手牌中放置进场。然后，弃除一名你控制的洛汗或刚铎盟友。
响应：在一名洛汗或刚铎盟友离场后，横置【墨玟·钢泽】以治疗一名角色2点伤害或减少你1点威胁。",,,,,,,,
洛希尔人的誓言,,学识,,雄鹿地的动员号角,,附属,*,1,,,,,,,技能.,,,,,,,,,,"附属到一名【学识】或【哈比人】英雄。
响应：在你与一个和胜利店计数区敌军有一个相同属性的敌军交战后，横置【雄鹿地的动员号角】以重置所附属英雄。然后，该敌军获得-1【攻击力】和-1【防御力】直到回合结束。",,,,,,,,
洛希尔人的誓言,,学识,,装有泥土的盒子,,附属,*,1,,,,,,,物品.礼物.,,,,,,,,,,"仅当你控制一名诺多精灵或西尔凡精灵时才能打出。
附属到一名英雄上。
响应：横置【装有泥土的盒子】以选择一个地区，放置1点进度到该地区上并使其获得森林属性直到回合结束。",,,,,,,,
洛希尔人的誓言,,学识,,环伺在侧,,事件,,2,,,,,,,技能.,,,,,,,,,,响应：在你控制的一张陷阱卡牌附属到一个敌军后，将一名游侠盟友从你手中放置进场。,,,,,,,,
洛希尔人的誓言,,学识,,饶它一命,,事件,,0,,,,,,,,,,,,,,,,,响应：在你控制的一张陷阱卡牌附属到一个敌军后，将其返回你的手牌。然后，从你手牌将其免费打出。,,,,,,,,
洛希尔人的誓言,,学识,,深谷防御者,,盟友,,2,,0,0,3,2,,洛汗.,,,,,,,,√,洛汗,"协同。
响应：在【深谷防御者】防御一次攻击后，将攻击敌军返回场景区并对其造成1点伤害。",,,,,,,,
洛希尔人的誓言,,学识,,别再哭了！,,事件,,1,,,,,,,,,,,,,,,,,"胜利点计数区限制三张【别再哭了！】。
响应：在一张阴谋卡牌上的“展示后”效果或暗影效果结算后，将【别再哭了！】加入胜利点计数区以将该阴谋卡牌加入胜利点计数区。",,,,,,,,
洛希尔人的誓言,,学识,,雄鹿地夏警,,盟友,,3,,1,2,0,2,,哈比人.警备队员.,,√,,,,,,√,哈比人,"协同。远攻。
响应：在一个和胜利点计数区敌军有一个相同属性的敌军进入场景区后，花费1点【学识】资源以将【雄鹿地夏警】从你的手牌放置进场，由你控制。",,,,,,,,
洛希尔人的誓言,,学识,,复兴者,,附属,*,1,,,,,,,头衔.,,,,,,,,,,"附属到一名刚铎英雄或【亚拉冈】。所附属角色获得医者属性。
行动：横置【复兴者】以选择一名正在执行任务且与所附属的角色有一个相同属性的盟友。重置该盟友并治疗其1点伤害或使其获得+1【意志力】直到阶段结束。",,,,,,,,
洛希尔人的誓言,,学识,,瑞格拉弥尔之谣,,事件,,5,,,,,,,诺多精灵.矮人.歌谣.,,,,,,,,√,,"协同。
行动：弃除你牌库顶的10张卡牌。选择至多2名因本效果被弃除的不同的诺多精灵或矮人盟友并将其放置进场。每名被选择的盟友必须为2点印刷费用或更低。你可以将因本效果被弃除的任意数量的其他卡牌洗回你的牌库。将【瑞格拉弥尔之谣】从游戏中移除。",,,,,,,,
洛希尔人的誓言,,战术,,法乌尼斯,,英雄,*,,8,2,3,1,3,,"生物.
巨鹰.",,,,,,,,,巨鹰,"不受限制附属。
任务行动：从你手牌打出一个巨鹰盟友。然后，你可以横置该盟友，以指派其执行任务或对场景区一个敌军造成1点伤害。",,,,,,,,
洛希尔人的誓言,,领导,,阿拉戈斯,,英雄,*,,12,3,3,1,4,,"生物.
巨鹰.",,,,,,,,,巨鹰,"不受限制附属。
响应：在一个巨鹰盟友进入一位玩家的游戏区域后，增加1点资源到该玩家控制的一名英雄的资源池中。（每回合限一次。）",,,,,,,,
洛希尔人的誓言,,中立,,亚拉冈,,英雄,*,,12,2,3,2,5,,登丹人.游侠.,,,,,,,,,,"【亚拉冈】获得与他附属的每个头衔附属相匹配的派系资源图标。
准备：从你的收藏中查找一个印刷费用为1的头衔附属并附属至【亚拉冈】。
行动：重置【亚拉冈】附属的一个印刷费用为1点的头衔附属。（每回合限一次。）",,,,,,,,
洛希尔人的誓言,,领导,,盖龙尼尔,,英雄,*,,8,1,1,1,4,,诺多精灵.战士.,,,,,,,,,诺多精灵,"你弃牌堆顶部有牌时，
如果是一张事件，【盖龙尼尔】获得+2【意志力】；
如果是一张盟友，【盖龙尼尔】获得+2【攻击力】；
如果是一张附属，【盖龙尼尔】获得+2【防御力】。",,,,,,,,
洛希尔人的誓言,,精神,,维德法斯特,,英雄,*,,10,2,1,2,3,,"樵夫.
斥候.",,,,,,,,,,"准备：从你收藏中查找一个生物盟友并加入你的手牌。第一回合中，该盟友费用降低2点。
任务行动：如果有一个激活地区，从维德法斯特的资源池中花费1点资源以探索至另一个地区，结算其探索效果。（现在有2个激活地区。）",,,,,,,,
洛希尔人的誓言,,学识,,小胖博哲,,英雄,*,,7,1,1,2,3,,哈比人.,,,,,,,,,哈比人,"准备：减少你2点威胁。
响应：增加你4点威胁并横置【小胖博哲】已取消一张刚从遭遇牌库翻开的非独有敌军卡牌并将其加入胜利点计数区。（玩家以团队为单位，每局游戏限一次。）",,,,,,,,
洛希尔人的誓言,,领导,,印哥,,英雄,*,,10,3,1,2,4,,刚铎.战士.,,,,,,,,,刚铎,响应：在一名刚铎或战士盟友进场并由你控制后，补一张牌。然后，从【印哥】的资源池中花费1点资源或增加你1点威胁。（每阶段限一次。）,,,,,,,,
洛希尔人的誓言,,学识,,欧斯贝拉,,英雄,*,,10,2,1,2,5,,比翁一族.,,,,,,,,,比翁一族,"你每控制一名受伤的比翁一族角色，场景区的总【威胁值】就降低1点（最多-5【威胁值】）。
响应：在你与一个敌军交锋后，从【欧式贝拉】的资源池中花费1点资源以将其翻面。",,,,,,,,
洛希尔人的誓言,,战术,,欧斯贝拉,,英雄,*,,10,1,3,1,5,,生物.比翁一族.,,,,,,,,,比翁一族,"不受""限制""附属。如果你未与敌人交战，将【欧斯贝拉】翻面。
响应：对你控制的一名比翁一族角色造成1点伤害以取消刚分配到你控制的一名角色的2点伤害。（每回合限一次。）",,,,,,,,
洛希尔人的誓言,,领导,,罗恩,,英雄,*,,10,2,1,3,3,,樵夫.战士.,√,,,,,,,,,"警戒。 
响应：在你打出一个附属至一个地区后，增加1点资源到你控制的一名英雄资源池中。（每回合限一次。）
任务行动：选择一位玩家获得起始玩家标记。每位玩家每场游戏仅能被选择一次。",,,,,,,,
洛希尔人的誓言,,学识,,凯拉多,,英雄,*,,9,2,3,1,3,,刚铎.战士.游侠.,,√,,,,,,,,"远攻。
你每控制一个未附属的陷阱，场景区的总【威胁值】就降低1点。
响应：在你控制的一张陷阱卡牌附属至一个敌军后，重置【凯拉多】或减少你1点威胁。",,,,,,,,
洛希尔人的誓言,,战术,,赫鲁布兰德,,英雄,*,,8,2,2,1,3,,洛汗.战士.,,,,,,,,,,"你每控制一名有限制附属的英雄，【赫鲁布兰德】就获得+1【意志力】。
响应：在场景区一个敌军被消灭后，补一张牌。",,,,,,,,
洛希尔人的誓言,,战术,,葛罗芬戴尔,,英雄,*,,12,3,3,1,5,,诺多精灵.战士.贵族.,,,,,,,,,,"单独攻击时，【葛罗芬戴尔】获得+2攻击。
攻击独有敌军时，【葛罗芬戴尔】获得+2攻击。",,,,,,,,
洛希尔人的誓言,,精神,,吉尔蕾恩,,英雄,*,,9,2,1,2,3,,登丹人.贵族.,,,,,,,,,,"准备：你可以选择使【吉尔蕾恩】获得-2【意志力】并使最多2名其他登丹人英雄获得+2【意志力】直到游戏结束。
行动：将一张分发给敌军的暗影卡牌翻至面朝上。然后，你可以为该敌军面朝上额外分发一张暗影卡牌以补一张牌。（每阶段限一次。）",,,,,,,,
洛希尔人的誓言,,精神,,哈里·金银花,,英雄,*,,8,2,2,0,4,,布理.,,,,,,,,,,响应：取消刚分配至你控制的一名英雄的战斗伤害中的1点。（每名英雄每回合一次。）,,,,,,,,
洛希尔人的誓言,,精神,,森格尔,,英雄,*,,11,3,1,3,4,,洛汗.战士.贵族.,,,,,,,,,,响应：在一名盟友从场中弃除后，该盟友的所有者从其牌库顶的5张卡牌中查找一个与所弃除盟友有一个属性的盟友，将该盟友放置进场并横置，将其牌库洗牌。（每回合限一次。）,,,,,,,,
洛希尔人的誓言,,学识,,诺伯,,英雄,*,,7,2,1,0,3,,哈比人.布理.仆人.,,,,,,,,,,"你每回合打出的第一个附属至另一名布理或哈比人的物品附属费用降低1点。
行动：横置【诺伯】以补一张牌。如果该卡牌是一个物品附属，重置一名布理角色。（每回合限一次。）",,,,,,,,
洛希尔人的誓言,,学识,,巴力曼·奶油伯,,英雄,*,,8,2,1,0,5,,布理.,,,,,,,,,,响应：在【巴力曼·奶油伯】因无人防御的攻击受到伤害后，补一张牌。,,,,,,,,
洛希尔人的誓言,,中立,,灰衣劲旅,,盟友,,5,,1,2,3,3,,登丹人.游侠.,√,,,,,,,,登丹人,"警戒。
响应：当你从手牌中打出【灰衣劲旅】时，横置你控制的X个头衔附属以降低其X点费用。",,,,,,,,
洛希尔人的誓言,,中立,,忘记帽子,,事件,,2,,,,,,,,,,,,,,,,,"胜利点计数区限一张【忘记帽子】。
行动：将【忘记帽子】加入胜利点计数区以从你的收藏中查找一个附属。如果游戏准备时你的牌库中没有同名附属，将其加入你的手牌。",,,,,,,,
洛希尔人的誓言,,中立,,金冠,,附属,*,1,,,,,,,物品.宝物.巨鹰.,,,,,,,,,,"附属至一名巨鹰英雄。所附属的英雄获得贵族属性。
行动：横置【金冠】以选择一名所有者为你的巨鹰盟友（由任意玩家控制）。弃除该盟友以增加1点资源到所附属英雄的资源池中，或将该盟友交由另一名玩家控制。",,,,,,,,
洛希尔人的誓言,,中立,,安督利尔,,附属,*,4,,,,,,,物品.宝物.武器.,,,,,,,,,,"附属至一名有4个或更多属性的英雄。限制。
如果所附属英雄是【亚拉冈】，他获得【领导】资源符号。
所附属英雄获得+1【意志力】、+1【攻击力】、+1【防御力】。
行动：横置【安督利尔】以重置所附属英雄。",,,,,,,,
洛希尔人的誓言,,中立,,命运引导,,附属,*,1,,,,,,,状态.,,,,,,,,,,"附属至一名英雄。
响应：当你将要把放置在一旁的有遭遇关键词的卡牌洗入遭遇牌库时，改为洗入其顶部的5张卡牌中。
行动：如果遭遇牌库有5张或更多卡牌，横置【命运引导】并增加你1点威胁以将遭遇弃牌堆顶的卡牌洗入遭遇牌库顶的5张卡牌中。",,,,,,,,
洛希尔人的誓言,,中立,,刚多林的遗产,,附属,,1,,,,,,,歌谣.,,,,,,,,,,"附属至一名你控制的诺多精灵英雄。每名英雄限一张。
除非你手牌数为2或者更少，否则不能从手牌中打出盟友或附属。
行动：横置【刚多林的遗产】以补一张牌或弃除【刚多林的遗产】。",,,,,,,,
洛希尔人的誓言,,领导,,公平的交换,,事件,,0,,,,,,,,,,,,,,,,,行动：弃除一张与在场独有卡牌同名的手牌以从你牌库查找一个不同的独有卡牌并加入手牌。将你的卡组洗牌。,,,,,,,,
洛希尔人的誓言,,领导,,丰盛的宴会,,事件,,4,,,,,,,,,,,,,,,,,"【丰盛的宴会】的费用必须从一名英雄的资源池中支付。
行动：重置至多3名英雄并增加1点资源到这些英雄的资源池中。所有玩家作为一组，每回合只能打出一张【丰盛的宴会】。",,,,,,,,
洛希尔人的誓言,,领导,,学会保持谨慎,,事件,,1,,,,,,,,,,,√,,,,,,"隐匿1。
行动：补一张牌。然后，减少你2点威胁或你本阶段打出的下一张卡牌获得“隐匿1”。",,,,,,,,
洛希尔人的誓言,,领导,,去而复返,,事件,,1,,,,,,,,,,,√,,,,,,"隐匿1。
响应：在一名哈比人盟友离场后，从你手牌和弃牌堆查找一个同名盟友并放置进场，由任一玩家控制。",,,,,,,,
洛希尔人的誓言,,领导,,冒险的财富,,事件,,1,,,,,,,,,,,,,,,,,行动：从你牌库搜寻一张有技能属性的卡牌并加入你的手牌。将你的卡组洗牌。,,,,,,,,
洛希尔人的誓言,,领导,,抢救回来的补给,,事件,,0,,,,,,,,,,,,,,,,,"响应：恢复环节结束时，如果你没有英雄本回合因玩家卡牌效果获得资源，增加1点资源到你控制的一名英雄资源池中。
行动：横置一名你控制的角色以将【抢救回来的补给】从你弃牌堆返回你的手牌。",,,,,,,,
洛希尔人的誓言,,领导,,打开大门,,事件,,1,,,,,,,,,,,,,,,,,行动：从你牌库顶5张卡牌查找一个与你每名英雄都有一个相同属性的盟友并将其放置进场。将你的卡组洗牌。本阶段结束时，如果该盟友未离场，将其加入你的手牌。,,,,,,,,
洛希尔人的誓言,,领导,,埃莱萨,,附属,*,1,,,,,,,头衔.,,,,,,,,,,"附属至一名贵族英雄或【亚拉冈】。所附属角色获得刚铎属性。如果所附属的角色为【亚拉冈】，他获得贵族属性。
行动：横置【埃莱萨】以选择一名正在防御且与所附属角色有一个相同属性的盟友。重置该盟友或使其在本次攻击中获得+1防御。",,,,,,,,
洛希尔人的誓言,,领导,,林中居民的前哨,,附属,,1,,,,,,,状态.,,,,,,,,,,"附属至一个地区。每个地区限一张。
响应：在所附属地区探索完毕后，起始玩家控制的每名角色获得+1【攻击力】和+1【防御力】直到回合结束。",,,,,,,,
洛希尔人的誓言,,领导,,曼威的信使,,盟友,,2,,1,1,0,1,,生物.巨鹰.,,,,,,,,,巨鹰,"不能防御。不受限制附属。
响应：在【曼威的信使】进入你的游戏区域后，你控制的一名巨鹰或贵族英雄获得+1【意志力】直到回合结束。
响应：在指派【曼威的信使】探险后，将其交由另一位玩家控制。",,,,,,,,
洛希尔人的誓言,,领导,,老练的大鹰,,盟友,,2,,1,1,1,2,,生物.巨鹰.战士.,,,,,,,,,巨鹰,"不受限制附属。
响应：在一个【老练的大鹰】进入你的游戏区域后，你控制的每个【老练的大鹰】获得+1【意志力】、+1【攻击力】、+1【防御力】直到本回合结束。",,,,,,,,
洛希尔人的誓言,,领导,,天空首领,,盟友,,3,,0,1,3,2,,生物.巨鹰.,,,,,,,,√,巨鹰,"协同。
不受限制附属。
响应：在【天空首领】进入你的游戏区域后，重置一名你控制的盟友。",,,,,,,,
洛希尔人的誓言,,领导,,巴林,,盟友,*,3,,2,0,2,3,,矮人.,,,,,,,,,矮人,响应：在一张卡牌从你的牌库顶被弃除后，重置【巴林】。（每回合限一次。）,,,,,,,,
洛希尔人的誓言,,领导,,深谷箭手,,盟友,,2,,1,1,0,1,,洛汗.战士.,,√,,,,,,√,洛汗,"协同。远攻。
行动：弃除【深谷箭手】以选择一个敌军。直到本阶段结束，当计算战斗伤害时敌军不计算它的【防御力】。",,,,,,,,
洛希尔人的誓言,,领导,,莉莉·科顿,,盟友,*,2,,1,1,1,2,,哈比人.,,,,,,,,,哈比人,行动：横置【莉莉·科顿】以重置一名不同的哈比人盟友并将【莉莉·科顿】的【意志力】、【攻击力】、和【防御力】加到该角色对应的【意志力】、【攻击力】、和【防御力】上，将其返回其所有者的手牌。（每阶段限一次。）,,,,,,,,
洛希尔人的誓言,,领导,,哈泷德守望者,,盟友,,2,,1,0,0,2,,诺多精灵.斥候.,,,,,,,,√,诺多精灵,"协同。
响应：在【哈泷德守望者】被消灭后，重置一名你控制的角色。",,,,,,,,
洛希尔人的誓言,,,,最后的联盟,,约定,,,,,,,,,,,,,,,,,,,"A面：
选择2种属性A和B。你的每名起始英雄和牌库中每张盟友牌都必须有A或B，但不能同时有2种。至少要有一名起始英雄和10张盟友卡牌有A属性，B属性亦然。
准备：将本卡牌翻面。
B免：
你控制的A角色多余B角色时，你每回合打出的第一个B盟友费用减少1点，反之亦然。
行动：横置【最后的联盟】以选择一张手牌或一张你控制的在场的卡牌。将该卡牌上印刷的文本“A”或文本“B”视为“A或B”，直到回合结束。",,,,,,,,
法纳尔的遗产,,中立,纳粹什,纳粹什,0c577ef5-beb7-45a6-997d-688b2c7141b4.png,盟友,*,5,,3,4,3,4,,哈拉德·战士,,,,,,,,,,在回合结束时，将纳粹什从场上弃置。响应：​纳粹什进场后，从你牌堆顶的5张牌中搜寻一名哈拉德盟友，并将其置入场中由你操控。在回合结束时，若该盟友仍在场，则将其加入你的手牌。,,,,,,,,
法纳尔的遗产,,精神,石车斥候,石车斥候,1c56a34d-79dd-4d19-b32b-006786de9770.png,盟友,,1,,1,0,0,1,,沃斯.斥候,,,,,,,,,,计划阶段行动：​横置石车斥候并将其加入胜利牌区，以减少你接下来从手牌中打出的下一名沃斯盟友的费用，减少量为X，其中X等于胜利牌区中沃斯卡牌的数量。胜利1,,,,,,,,
法纳尔的遗产,,精神,血脉首领,血脉首领,04d0c309-d38b-487a-aa46-6142f2aad945.png,附属,*,2,,,,,,,头衔,,,,,,,,,,附属条件：​ 附属于一名杜内丹英雄。                      横置「血脉首领」以选择执行下列其中1项（若所附属的英雄是亚拉松，则改为选择2项）：与一个敌军交锋；让所附属的英雄获得+1防御力，直到本回合结束；查看一张在场的面朝下的魔影牌；或为一个在场的地区增加1点进度指示物。,,,,,,,,
法纳尔的遗产,,精神,阿拉松,阿拉松,e1a8b25b-80a2-421e-9e88-417dd3ce46d0.png,英雄,*,,12,3,2,3,5,,登丹人.游侠.斥候,,,,,,,,,,"当精神资源图标的阿拉贡在场时，阿拉松在参与探险时不会横置。
重整行动：​ 从当前地区移除1点进度，以降低1点威胁值（每轮限一次）。",,,,,,,,
法纳尔的遗产,,学识,集体优势,集体优势,4fa1fbe4-9883-40a2-bb6d-ff3a1d2e626a.png,附属,,3,,,,,,,技能,,,,,,,,,,"附属于一名斥候英雄。每名英雄限1张。
若你控制的每名英雄都拥有「斥候」特性，则「集体优势」获得：「行动：​ 横置「集体优势」，让所附属的英雄获得+X意志、+X攻击力以及+X防御力，直到本环节结束。X等于你所控制的「集体优势」的数量。」",,,,,,,,
法纳尔的遗产,,领导,刚铎宰相,刚铎宰相,7cc451ac-6b4c-41e2-a2d4-35c2558bc2fd.png,附属,*,2,,,,,,,头衔,,,,,,,,,,"附属于一名英雄。所附属的英雄获得「刚铎」特性。
行动：​ 横置「刚铎宰相」，为其增加2点资源。所附属的英雄可将这些资源当作其自身资源池中的资源来使用。
强制：​ 在回合结束时，丢弃「刚铎宰相」上的所有资源。",,,,,,,,
法纳尔的遗产,,学识,德鲁阿丹向导,德鲁阿丹向导,9373bd88-f437-4783-88eb-57fe794f5c71.png,盟友,,3,,2,0,1,2,,沃斯,,,,,,,,,,行动：​ 将「德鲁阿丹向导」加入胜利区，以混洗遭遇牌库并查看牌库顶部的5张牌。若可以，将其中查看到的1张地区牌加入胜利区，并将其余卡牌以任意顺序放回遭遇牌库顶部。若探查区中有任意地区与加入胜利区的那张地区同名，则在其上放置X点进度指示物，其中X等于胜利区中沃斯卡牌的数量。胜利1,,,,,,,,
法纳尔的遗产,,学识,艾勒纳赫的援助,艾勒纳赫的援助,36117fd8-33e9-4485-b9b5-867faefa1b13.png,事件,,2,,,,,,,沃斯,,,,,,,,,,将「艾勒纳赫的援助」加入胜利区，以混洗你的牌库并查找牌库顶部的5张牌，从中寻找一名沃斯盟友。若可以，将其当作从手牌中打出一样置入场中。然后，在场上的地区上放置X点进度指示物，其中X等于该置入场中的盟友的印刷费用。混洗你的牌库。胜利1,,,,,,,,
法纳尔的遗产,,战术,重新利用它们！​,重新利用它们！​,80123f92-4cb3-41c4-a509-3255ba89aed2.png,事件,,1,,,,,,,,,,,,,,,,,行动：​ 将「重新利用它们！」加入胜利区，并从场上丢弃一名你控制的战术盟友，以重整一张附属于你所控制的英雄身上的附属牌。胜利1,,,,,,,,
法纳尔的遗产,,中立,汤姆·庞巴迪,汤姆·庞巴迪,507700d9-48bf-48cb-a173-870b0e094a43.png,英雄,*,,6,3,3,3,3,,传说.,,,,,,,,,,"汤姆·庞巴迪不能拥有受限附属牌。
当打出歌谣卡牌时，汤姆·庞巴迪被视为拥有印刷的领导、精神、学识和战术影响力符号。                       强制：​ 在回合结束时，如果你在本回合没有打出过歌谣卡牌，丢弃汤姆·庞巴迪。",,,,,,,,
法纳尔的遗产,,战术,巨盾背负者,巨盾背负者,7640377f-40f2-42c8-9aa3-1c96db4a13d6.png,盟友,,2,,0,0,0,5,,刚铎.战士,,,,,,,,,,"不能参与探险、攻击或防御。
不能受到非箭术伤害。
不能被治疗。
响应：​ 每轮最多可将 X 点箭术伤害分配给巨盾背负者，其中 X 为游戏玩家人数的两倍。控制玩家必须横置巨盾背负者以使用此能力。",,,,,,,,
法纳尔的遗产,,中立,汤姆·庞巴迪的笛子,汤姆·庞巴迪的笛子,92235755-b7da-4aa0-90ac-5137b7ff900b.png,附属,*,2,,,,,,,物品.歌谣,,,,,,,,,,"附属至汤姆·庞巴迪。
每轮打出的第一张歌谣卡牌，其费用减少1点，最低降至0点。
行动：​ 横置汤姆·庞巴迪的笛子以重整汤姆·庞巴迪或金莓。    ",,,,,,,,
法纳尔的遗产,,战役,烟草,烟草,8304810a-1ec6-4558-b1b6-5e87ba914e1d.png,附属,,0,,,,,,,烟草.恩惠,,,,,,,,,,"附属至一名英雄。
如果所属英雄拥有霍比特人特性，则其获得 +1 意志力。
行动：​ 横置烟草以重整一名由首位玩家控制的英雄（全团每场游戏限一次）。
遭遇行动：​ 将烟草加入胜利区(胜利1)，并将其从战役卡池中移除，以跳过本轮的战斗环节。                           ",,,,,,,,
法纳尔的遗产,,战役,手写便条,手写便条,6c9ec7a0-a0ff-4a3f-a837-223b3d0c3f62.png,附属,,0,,,,,,,物品.信息.恩惠,,,,,,,,,,"准备：​ 附属至一名英雄。
所属英雄获得 +1 意志力。
响应：​ 当遭遇牌库揭示一张卡牌后，横置手写便条以取消该牌的所有效果。然后，只要该牌仍在场中，视其文本框为空白（特性除外）。团队每场游戏限一次。
如果手写便条离开场中，玩家输掉本场游戏。​",,,,,,,,
法纳尔的遗产,,战役,潜行与静默,潜行与静默,dbc7a136-514b-4ee7-9023-5a4dc4d72c6f.png,事件,,0,,,,,,,技能.恩惠,,,,,,,,,,"准备：​ 首位玩家将潜行与静默加入其手牌。
响应：​ 在一名非独特敌人与玩家交锋后，将潜行与静默加入胜利区并将其从战役卡池中移除，以丢弃该敌人。胜利1",,,,,,,,
法纳尔的遗产,,战役,德拉加兹屠戮者,德拉加兹屠戮者,eb4750c8-2c50-4dc9-a06d-b6e8345ec221.png,附属,,0,,,,,,,头衔.恩惠,,,,,,,,,,"永久。​
准备：​ 附属至一名英雄。
所属英雄获得 +1 攻击力和 +1 防御力。
响应：​ 在所属英雄攻击并消灭一名敌人后，横置德拉加兹屠戮者并从所属英雄的资源池中支付1点资源，以抽取1张卡牌。",,,,,,,,
法纳尔的遗产,,战役,火须族之剑,火须族之剑,1560cf03-7cf6-440a-8cee-b7ba68e7cfcf.png,附属,,0,,,,,,,物品.武器.恩惠,,,,,,,,,,"附属至埃罗克。
埃罗克获得 +2 攻击力。",,,,,,,,
法纳尔的遗产,,精神,河流之歌,河流之歌,c75971c8-f4b6-45fa-8bdb-bfc166636a71.png,事件,,3,,,,,,, 歌谣,,,,,,,,,,"
隐匿3。​
仅在你控制的所有英雄都印有精神资源图标时才能打出。
行动：​ 你每控制一张不同的歌谣附属，便降低1点威胁值（每轮限一次）。",,,,,,,,
法纳尔的遗产,,战役,火须族之锤,火须族之锤,e47edda8-7dca-44a5-b335-843404ca9bbd.png,附属,,0,,,,,,,物品.武器,,,,,,,,,,"""附属至埃罗克。
响应：​ 当埃罗克攻击一名敌人时，忽略防御敌人的任何强韧关键词。""",,,,,,,,
法纳尔的遗产,,战役,德拉加兹屠戮者,德拉加兹屠戮者,eb4750c8-2c50-4dc9-a06d-b6e8345ec221.png,附属,,0,,,,,,,头衔.恩惠,,,,,,,,,,"永久。​
准备：​ 附属于一名英雄。
所附属英雄获得+1攻击力与+1防御力。
响应：​ 在所附属英雄攻击并消灭一名敌人后，横置德拉加兹屠戮者并从所附属英雄的资源池中支付 1 点资源，以抽取 1 张卡牌。",,,,,,,,
,,战术,额外盾牌,额外盾牌,ebdba752-b782-400f-a9e5-ca6918224678.png,附属,,1,,,,,,,物品.护甲,,,,,,,,,,"附属于一名角色（每名角色限3张）。
所附属角色获得+1生命值。若所附属角色是巨盾背负者，则其额外获得+X生命值，X等于游戏中的玩家数量。",,,,,,,,
,,领导,传说之谣,传说之谣,ebde4f93-7130-4c3b-bf6b-50af30567daf.png,事件,,3,,,,,,,歌谣,,,,,,,,,,"隐匿3。​
仅在你控制的所有英雄都印有学识资源图标时才能操作。
行动：​ 你每控制一张不同的歌谣附属，便使你本阶段操作的下一张卡牌费用降低 1 点。所选卡牌不需要资源匹配（每轮限一次）。",,,,,,,,